-- MySQL dump 10.13  Distrib 8.0.40, for Win64 (x86_64)
--
-- Host: localhost    Database: db_huanyuzhi
-- ------------------------------------------------------
-- Server version	8.0.40


CREATE DATABASE `db_huanyuzhi` /*!40100 DEFAULT CHARACTER SET utf8mb4 COLLATE utf8mb4_unicode_ci */ /*!80016 DEFAULT ENCRYPTION='N' */;

USE `db_huanyuzhi`;

CREATE TABLE `cities` (
  `city_id` int NOT NULL AUTO_INCREMENT,
  `country_code` char(2) NOT NULL,
  `city_name` varchar(50) NOT NULL,
  `city_desc` text,
  `latitude` decimal(9,6) DEFAULT NULL,
  `longitude` decimal(9,6) DEFAULT NULL,
  `population` int unsigned NOT NULL DEFAULT '0',
  PRIMARY KEY (`city_id`),
  UNIQUE KEY `country_code` (`country_code`,`city_name`),
  CONSTRAINT `cities_ibfk_1` FOREIGN KEY (`country_code`) REFERENCES `countries` (`country_code`)
) ENGINE=InnoDB AUTO_INCREMENT=2321 DEFAULT CHARSET=utf8mb4 COLLATE=utf8mb4_0900_ai_ci;


INSERT INTO `cities` VALUES (1161,'AE','Dubai',NULL,25.077250,55.309270,3790000),(1162,'AE','Sharjah',NULL,25.334200,55.412210,1800000),(1163,'AE','Al Ain City',NULL,24.191670,55.760560,846747),(1164,'AE','Abu Dhabi',NULL,24.451180,54.396960,1807000),(1165,'AF','Mazār-e Sharīf',NULL,36.709040,67.110870,523300),(1166,'AF','Kandahār',NULL,31.613320,65.710130,523300),(1167,'AF','Kabul',NULL,34.528130,69.172330,4434550),(1168,'AF','Herāt',NULL,34.348170,62.199670,574300),(1169,'AM','Yerevan',NULL,40.177650,44.512600,1144700),(1170,'AO','Luanda',NULL,-8.836820,13.234320,2776168),(1171,'AO','Cabinda',NULL,-5.561980,12.194760,550000),(1172,'AO','Lubango',NULL,-14.917170,13.492500,600751),(1173,'AO','Huambo',NULL,-12.776110,15.739170,595304),(1174,'AO','Benguela',NULL,-12.576740,13.402680,555124),(1175,'AR','Mar del Plata',NULL,-38.000420,-57.556200,593337),(1176,'AR','Buenos Aires',NULL,-34.613150,-58.377230,2891082),(1177,'AR','San Miguel de Tucumán',NULL,-26.816010,-65.210510,548866),(1178,'AR','Salta',NULL,-24.806450,-65.419990,520683),(1179,'AR','Rosario',NULL,-32.946820,-60.639320,948312),(1180,'AR','Córdoba',NULL,-31.406480,-64.188530,2106734),(1181,'AT','Vienna',NULL,48.208490,16.372080,1691468),(1182,'AU','Perth',NULL,-31.952240,115.861400,2309338),(1183,'AU','Adelaide',NULL,-34.928660,138.598630,1469163),(1184,'AU','Sydney',NULL,-33.867850,151.207320,5557233),(1185,'AU','Newcastle',NULL,-32.929530,151.780100,508437),(1186,'AU','Melbourne',NULL,-37.814000,144.963320,5350705),(1187,'AU','Gold Coast',NULL,-28.000290,153.430880,640778),(1188,'AU','Brisbane',NULL,-27.467940,153.028090,2780063),(1189,'AZ','Baku',NULL,40.377670,49.892010,2351300),(1190,'BA','Sarajevo',NULL,43.848640,18.356440,696731),(1191,'BD','Rajshahi',NULL,24.374000,88.601140,763580),(1192,'BD','Comilla',NULL,23.461860,91.185030,1030000),(1193,'BD','Rangpur',NULL,25.746640,89.251660,1031388),(1194,'BD','Dhaka',NULL,23.710400,90.407440,10356500),(1195,'BD','Mohammadpur',NULL,24.898430,88.528440,527571),(1196,'BD','Gazipur',NULL,23.998440,90.422340,2674697),(1197,'BD','Chattogram',NULL,22.338400,91.831680,3920222),(1198,'BD','Khulna',NULL,22.809790,89.564390,1500689),(1199,'BD','Pallabi',NULL,23.825000,90.370000,597574),(1201,'BE','Brussels',NULL,50.850450,4.348780,1019022),(1202,'BE','Antwerpen',NULL,51.220470,4.400260,529247),(1203,'BF','Ouagadougou',NULL,12.365660,-1.533880,2415266),(1204,'BF','Bobo-Dioulasso',NULL,11.180640,-4.294890,904920),(1205,'BG','Sofia',NULL,42.697510,23.324150,1152556),(1206,'BI','Bujumbura',NULL,-3.381930,29.361420,769317),(1207,'BJ','Cotonou',NULL,6.365360,2.418330,679012),(1208,'BO','Santa Cruz de la Sierra',NULL,-17.786290,-63.181170,1831434),(1209,'BO','La Paz',NULL,-16.500000,-68.150000,2004652),(1210,'BO','Cochabamba',NULL,-17.381950,-66.159950,841276),(1211,'BR','Teresina',NULL,-5.089170,-42.801940,871126),(1212,'BR','São Luís',NULL,-2.529720,-44.302780,917237),(1213,'BR','Recife',NULL,-8.053890,-34.881110,1653461),(1214,'BR','Natal',NULL,-5.795000,-35.209440,896708),(1215,'BR','Maceió',NULL,-9.665830,-35.735280,1031597),(1216,'BR','Macapá',NULL,0.038890,-51.066390,512902),(1217,'BR','João Pessoa',NULL,-7.115000,-34.863060,817511),(1218,'BR','Jaboatão',NULL,-8.180280,-35.001390,702621),(1219,'BR','Fortaleza',NULL,-3.717220,-38.543060,2400000),(1220,'BR','Belém',NULL,-1.455830,-48.504440,1499641),(1221,'BR','Uberlândia',NULL,-18.918610,-48.277220,563536),(1222,'BR','Sorocaba',NULL,-23.501670,-47.458060,687357),(1223,'BR','Serra',NULL,-20.128610,-40.307780,520653),(1224,'BR','São Paulo',NULL,-23.547500,-46.636110,12400232),(1225,'BR','São José dos Campos',NULL,-23.179440,-45.886940,729737),(1226,'BR','São Bernardo do Campo',NULL,-23.693890,-46.565000,743372),(1228,'BR','Salvador',NULL,-12.975630,-38.490960,2711840),(1229,'BR','Rio de Janeiro',NULL,-22.906420,-43.182230,6747815),(1230,'BR','Ribeirão Preto',NULL,-21.177500,-47.810280,711825),(1231,'BR','Porto Alegre',NULL,-30.032830,-51.230190,1488252),(1232,'BR','Osasco',NULL,-23.532500,-46.791670,728615),(1233,'BR','Nova Iguaçu',NULL,-22.759170,-43.451110,823302),(1234,'BR','Londrina',NULL,-23.310280,-51.162780,588125),(1235,'BR','Juiz de Fora',NULL,-21.764170,-43.350280,573285),(1236,'BR','Guarulhos',NULL,-23.462780,-46.533330,1169577),(1237,'BR','Goiânia',NULL,-16.678610,-49.253890,1536097),(1238,'BR','Florianópolis',NULL,-27.596670,-48.549170,508826),(1239,'BR','Feira de Santana',NULL,-12.266670,-38.966670,619609),(1240,'BR','Duque de Caxias',NULL,-22.785560,-43.311670,818329),(1241,'BR','Curitiba',NULL,-25.427780,-49.273060,1948626),(1242,'BR','Cuiabá',NULL,-15.596110,-56.096670,618124),(1243,'BR','Contagem',NULL,-19.931670,-44.053610,627123),(1244,'BR','Campos dos Goytacazes',NULL,-21.752270,-41.330440,511168),(1245,'BR','Campo Grande',NULL,-20.442780,-54.646390,906092),(1246,'BR','Campinas',NULL,-22.905560,-47.060830,1031554),(1247,'BR','Brasília',NULL,-15.779720,-47.929720,2207718),(1248,'BR','Belo Horizonte',NULL,-19.920830,-43.937780,2721564),(1249,'BR','Aracaju',NULL,-10.911110,-37.071670,664908),(1250,'BR','Porto Velho',NULL,-8.761940,-63.903890,548952),(1251,'BR','Manaus',NULL,-3.101940,-60.025000,2219580),(1252,'BR','Aparecida de Goiânia',NULL,-16.823330,-49.243890,510770),(1254,'BY','Minsk',NULL,53.900190,27.566530,1742124),(1255,'BY','Homyel\'',NULL,52.434500,30.975400,501102),(1256,'CA','Brampton',NULL,43.683410,-79.766330,656480),(1257,'CA','Calgary',NULL,51.050110,-114.085290,1306784),(1258,'CA','Edmonton',NULL,53.550140,-113.468710,1010899),(1259,'CA','Hamilton',NULL,43.250110,-79.849630,569353),(1260,'CA','Mississauga',NULL,43.578900,-79.658300,717961),(1261,'CA','Montréal',NULL,45.508840,-73.587810,1762949),(1262,'CA','Ottawa',NULL,45.411170,-75.698120,1017449),(1263,'CA','Surrey',NULL,49.106350,-122.825090,568322),(1264,'CA','Toronto',NULL,43.706430,-79.398640,2794356),(1265,'CA','Vancouver',NULL,49.249660,-123.119340,662248),(1266,'CA','Winnipeg',NULL,49.884400,-97.147040,749607),(1267,'CA','Québec',NULL,46.812280,-71.214540,531902),(1268,'CD','Tshikapa',NULL,-6.416210,20.799950,634529),(1269,'CD','Mbuji-Mayi',NULL,-6.136030,23.589790,2101332),(1270,'CD','Kisangani',NULL,0.515280,25.190990,1181788),(1271,'CD','Kananga',NULL,-5.896240,22.416590,1247168),(1272,'CD','Bukavu',NULL,-2.490770,28.842810,816811),(1273,'CD','Lubumbashi',NULL,-11.660890,27.479380,2221925),(1274,'CD','Likasi',NULL,-10.983030,26.738400,635768),(1275,'CD','Kolwezi',NULL,-10.714840,25.466740,790248),(1276,'CD','Kinshasa',NULL,-4.327580,15.313570,16000000),(1277,'CD','Kikwit',NULL,-5.040980,18.816190,509367),(1278,'CF','Bangui',NULL,4.361220,18.554960,812407),(1279,'CG','Pointe-Noire',NULL,-4.776090,11.863520,1032000),(1280,'CG','Brazzaville',NULL,-4.266130,15.283180,1982000),(1281,'CI','Bouaké',NULL,7.693850,-5.030310,832371),(1283,'CI','Abidjan',NULL,5.354440,-4.001670,6321017),(1284,'CL','Santiago',NULL,-33.456940,-70.648270,4837295),(1285,'CL','Puente Alto',NULL,-33.611690,-70.575770,568106),(1286,'CL','Maipú',NULL,-33.514210,-70.765100,503635),(1287,'CM','Yaoundé',NULL,3.866670,11.516670,1299369),(1288,'CM','Douala',NULL,4.048270,9.704280,1338082),(1289,'CN','Kashgar',NULL,39.467180,75.986750,506640),(1290,'CN','Baoshan',NULL,25.116260,99.163660,935618),(1291,'CN','Ürümqi',NULL,43.800960,87.600460,3029372),(1292,'CN','Shihezi',NULL,44.302300,86.036940,572772),(1293,'CN','Korla',NULL,41.760550,86.152310,549324),(1294,'CN','Aqsu',NULL,41.184180,80.279210,535657),(1295,'CN','Zunyi',NULL,27.686670,106.907220,2037775),(1296,'CN','Ziyang',NULL,30.121080,104.648110,905729),(1297,'CN','Zigong',NULL,29.341620,104.776890,1262064),(1298,'CN','Zhuzhou',NULL,27.833330,113.150000,1129687),(1299,'CN','Zhumadian',NULL,32.979440,114.029440,721670),(1300,'CN','Shangqiu',NULL,34.450000,115.650000,0),(1301,'CN','Zhoukou',NULL,33.633330,114.633330,505171),(1302,'CN','Zhongwei',NULL,37.511290,105.190670,1174600),(1303,'CN','Zhenjiang',NULL,32.210860,119.455080,950516),(1304,'CN','Zhengzhou',NULL,34.757780,113.648610,4253913),(1305,'CN','Zhaotong',NULL,27.316670,103.716670,787845),(1306,'CN','Zhaoqing',NULL,23.048930,112.460910,1553109),(1307,'CN','Zhanjiang',NULL,21.233910,110.387490,1400709),(1308,'CN','Zhangzhou',NULL,24.513330,117.655560,589831),(1309,'CN','Zhangye',NULL,38.934170,100.451670,507433),(1310,'CN','Zibo',NULL,36.790560,118.063330,3129228),(1311,'CN','Anyang',NULL,36.096000,114.382780,1146839),(1313,'CN','Zaozhuang',NULL,34.864720,117.554170,899753),(1314,'CN','Kunshan',NULL,31.377620,120.954310,2092496),(1315,'CN','Yunfu',NULL,22.927870,112.038090,2612800),(1316,'CN','Yuncheng',NULL,35.023060,110.992780,680036),(1317,'CN','Yulin',NULL,22.630500,110.146860,1056743),(1318,'CN','Yongzhou',NULL,26.423890,111.613060,1020715),(1319,'CN','Yinchuan',NULL,38.468060,106.273060,1487579),(1320,'CN','Yichun',NULL,27.833330,114.400000,1045952),(1321,'CN','Yixing',NULL,31.360590,119.820160,1285785),(1322,'CN','Yichang',NULL,30.714440,111.284720,1350150),(1323,'CN','Yibin',NULL,28.759300,104.639940,836340),(1324,'CN','Yantai',NULL,37.476490,121.440810,2227733),(1325,'CN','Yangzhou',NULL,32.397220,119.435830,1584237),(1326,'CN','Zhangjiagang',NULL,31.865000,120.538890,1432044),(1327,'CN','Yangquan',NULL,37.857500,113.563330,731228),(1329,'CN','Yancheng',NULL,33.357500,120.157300,1615717),(1330,'CN','Ya\'an',NULL,29.985210,102.999000,612056),(1331,'CN','Shangrao',NULL,28.451790,117.942870,1116486),(1333,'CN','Xuchang',NULL,34.031890,113.862990,1265536),(1334,'CN','Xuancheng',NULL,30.952500,118.755280,774332),(1335,'CN','Xinzhou',NULL,38.409170,112.733330,544683),(1336,'CN','Xinyu',NULL,27.804290,114.933350,839488),(1337,'CN','Xinyang',NULL,32.122780,114.065560,1230042),(1338,'CN','Xinxiang',NULL,35.190330,113.801510,1047088),(1339,'CN','Xining',NULL,36.625540,101.757390,1677177),(1340,'CN','Xingtai',NULL,37.062170,114.492720,798770),(1341,'CN','Ankang',NULL,32.680000,109.017220,870126),(1342,'CN','Xiaogan',NULL,30.926890,113.922210,908266),(1343,'CN','Xianyang',NULL,34.337780,108.702610,1034081),(1344,'CN','Xianning',NULL,29.843470,114.322010,512517),(1345,'CN','Zhuhai',NULL,22.276940,113.567780,2207090),(1346,'CN','Xiangtan',NULL,27.850000,112.900000,959303),(1347,'CN','Xiangyang',NULL,32.042200,112.144790,1294733),(1348,'CN','Xi’an',NULL,34.258330,108.928610,9600000),(1349,'CN','Xiamen',NULL,24.479790,118.081870,4617251),(1350,'CN','Wuzhou',NULL,23.480540,111.288480,761948),(1351,'CN','Wuzhong',NULL,37.986700,106.201000,7202654),(1352,'CN','Wuxi',NULL,31.568870,120.288570,4396835),(1353,'CN','Changde',NULL,29.032050,111.698440,1457419),(1354,'CN','Wuhu',NULL,31.352590,118.429470,1598165),(1355,'CN','Wuhan',NULL,30.583330,114.266670,10392693),(1356,'CN','Wenzhou',NULL,27.999420,120.666820,2650000),(1357,'CN','Wenchang',NULL,19.551580,110.802790,560894),(1358,'CN','Weinan',NULL,34.503550,109.508910,1199290),(1359,'CN','Weihai',NULL,37.509140,122.113560,844310),(1360,'CN','Weifang',NULL,36.710000,119.101940,2044028),(1362,'CN','Wanning',NULL,18.799310,110.384100,545992),(1363,'CN','Tianshui',NULL,34.579520,105.742380,1212791),(1364,'CN','Tianjin',NULL,39.142220,117.176670,11090314),(1365,'CN','Tangshan',NULL,39.643810,118.183190,3372102),(1366,'CN','Tanggu',NULL,39.021110,117.646940,535298),(1367,'CN','Taizhou',NULL,32.490690,119.908120,1607108),(1368,'CN','Taiyuan',NULL,37.869440,112.560280,4303673),(1369,'CN','Taicang',NULL,31.447780,121.093890,831113),(1370,'CN','Tai’an',NULL,36.185280,117.120000,1735425),(1371,'CN','Suzhou',NULL,33.636110,116.978890,1647642),(1372,'CN','Suqian',NULL,33.949170,118.295830,1437685),(1373,'CN','Suizhou',NULL,31.711110,113.363060,618582),(1374,'CN','Suining',NULL,30.508020,105.573320,656760),(1375,'CN','Songjiang',NULL,31.034430,121.223260,1973500),(1376,'CN','Shiyan',NULL,32.647500,110.778060,3460000),(1377,'CN','Shijiazhuang',NULL,38.041390,114.478610,3938513),(1378,'CN','Shenzhen',NULL,22.545540,114.068300,17494398),(1379,'CN','Shaoxing',NULL,30.002370,120.578640,2300000),(1380,'CN','Shaoguan',NULL,24.800000,113.583330,1028460),(1381,'CN','Shantou',NULL,23.354890,116.678760,3838900),(1382,'CN','Shangluo',NULL,33.866670,109.930560,531696),(1384,'CN','Shanghai',NULL,31.222220,121.458060,24874500),(1385,'CN','Sanya',NULL,18.254350,109.509470,1031396),(1386,'CN','Sanming',NULL,26.248610,117.618610,602166),(1387,'CN','Sanmenxia',NULL,34.780810,111.192870,669307),(1388,'CN','Sanhe',NULL,39.980490,117.068870,965075),(1389,'CN','Changsha',NULL,22.381240,112.684920,688242),(1390,'CN','Rui’an',NULL,27.776050,120.658590,927383),(1391,'CN','Jieyang',NULL,23.541800,116.365810,1899394),(1392,'CN','Quzhou',NULL,28.959440,118.868610,902767),(1393,'CN','Qujing',NULL,25.483330,103.783330,1408500),(1394,'CN','Quanzhou',NULL,24.913890,118.585830,1469157),(1395,'CN','Qinzhou',NULL,21.982470,108.650610,1296300),(1396,'CN','Qinhuangdao',NULL,39.941040,119.589360,759718),(1397,'CN','Jinjiang',NULL,24.819780,118.574150,1416151),(1398,'CN','Qingpu',NULL,31.153940,121.114080,1271424),(1399,'CN','Huai\'an',NULL,33.588610,119.019170,2494013),(1400,'CN','Qingdao',NULL,36.064880,120.380420,7172451),(1401,'CN','Qingyuan',NULL,23.700000,113.033330,1738424),(1402,'CN','Puyang',NULL,29.456790,119.888720,3590000),(1404,'CN','Putian',NULL,25.439440,119.010280,1539389),(1406,'CN','Pingxiang',NULL,27.616720,113.853530,893550),(1407,'CN','Pingliang',NULL,35.539170,106.686110,504848),(1408,'CN','Pingdu',NULL,36.784440,119.946390,542234),(1409,'CN','Pingdingshan',NULL,33.730910,113.315540,979130),(1410,'CN','Guang’an',NULL,30.474130,106.636960,858159),(1411,'CN','Ningbo',NULL,29.878190,121.549450,3731203),(1412,'CN','Neijiang',NULL,29.583540,105.062160,1251095),(1413,'CN','Nanyang',NULL,33.005240,112.546590,1811812),(1414,'CN','Nantong',NULL,32.030280,120.874720,2273326),(1415,'CN','Nanning',NULL,22.816670,108.316670,3839800),(1416,'CN','Nanjing',NULL,32.061670,118.777780,9314685),(1417,'CN','Nanchong',NULL,30.795080,106.084730,1858875),(1418,'CN','Nanchang',NULL,28.683960,115.853060,2357839),(1419,'CN','Minhang',NULL,31.108810,121.374710,2716600),(1420,'CN','Mianyang',NULL,31.467840,104.681680,1550000),(1421,'CN','Meizhou',NULL,24.288590,116.117680,992351),(1422,'CN','Meishan',NULL,30.043920,103.836960,1107742),(1423,'CN','Maoming',NULL,21.666250,110.913640,1307802),(1424,'CN','Ma’anshan',NULL,31.685790,118.510080,741531),(1425,'CN','Luzhou',NULL,28.890300,105.425750,998900),(1426,'CN','Luoyang',NULL,34.673450,112.436840,1390581),(1427,'CN','Luohe',NULL,33.563940,114.042720,1294974),(1428,'CN','Luancheng',NULL,37.884520,114.646290,597130),(1429,'CN','Lu’an',NULL,31.735610,116.516880,1644344),(1430,'CN','Longyan',NULL,25.074850,117.017750,1025087),(1431,'CN','Guankou',NULL,28.158610,113.627090,1380000),(1432,'CN','Puning',NULL,23.310720,116.168690,874954),(1433,'CN','Liuzhou',NULL,24.324050,109.406980,1436599),(1434,'CN','Linyi',NULL,35.063060,118.342780,2743843),(1435,'CN','Linfen',NULL,36.088890,111.518890,959198),(1436,'CN','Liaocheng',NULL,36.450640,116.002470,1229768),(1437,'CN','Wuwei',NULL,37.926720,102.632020,1010295),(1438,'CN','Leshan',NULL,29.562270,103.763860,662814),(1439,'CN','Lanzhou',NULL,36.057010,103.839870,3000000),(1440,'CN','Langfang',NULL,39.520790,116.714710,868066),(1441,'CN','Laiwu',NULL,36.192780,117.656940,989535),(1442,'CN','Laibin',NULL,23.747430,109.222220,910282),(1443,'CN','Kunming',NULL,25.038890,102.718330,3855346),(1444,'CN','Kaifeng',NULL,34.798600,114.307420,1451741),(1445,'CN','Jiujiang',NULL,29.704750,116.002060,1164268),(1446,'CN','Jining',NULL,35.405000,116.581390,1241012),(1447,'CN','Jinhua',NULL,29.106780,119.644210,1463990),(1448,'CN','Jingzhou',NULL,30.350280,112.190280,1052282),(1449,'CN','Jingmen',NULL,31.033610,112.204720,632954),(1451,'CN','Jinan',NULL,36.668330,116.997220,4335989),(1452,'CN','Jiaxing',NULL,30.752200,120.750000,1180000),(1453,'CN','Jiaozuo',NULL,35.239250,113.239140,865413),(1454,'CN','Jiaozhou',NULL,36.283890,120.003330,619266),(1455,'CN','Jiangmen',NULL,22.583330,113.083330,1795459),(1456,'CN','Yangjiang',NULL,21.855630,111.962720,1292987),(1457,'CN','Ji’an',NULL,27.117160,114.979270,538699),(1458,'CN','Guangyuan',NULL,32.442010,105.823000,516424),(1459,'CN','Qionghai',NULL,19.242500,110.464170,528238),(1460,'CN','Jiading',NULL,31.385750,121.244650,1886100),(1461,'CN','Huzhou',NULL,30.870300,120.093300,1015937),(1462,'CN','Cixi',NULL,30.176400,121.245700,1457510),(1463,'CN','Huizhou',NULL,23.111470,114.415230,2900113),(1464,'CN','Huangshi',NULL,30.247060,115.048140,688090),(1465,'CN','Huainan',NULL,32.626390,116.996940,1666826),(1466,'CN','Huaihua',NULL,27.563370,110.004040,552622),(1467,'CN','Huaibei',NULL,33.974440,116.791670,1113321),(1469,'CN','Heze',NULL,35.239290,115.473580,1346717),(1470,'CN','Heshan',NULL,28.569380,112.347330,1249807),(1471,'CN','Hengyang',NULL,26.889460,112.618880,1075516),(1472,'CN','Hengshui',NULL,37.739080,115.683480,522147),(1473,'CN','Hefei',NULL,31.863890,117.280830,5050000),(1474,'CN','Hebi',NULL,35.732310,114.286160,634721),(1475,'CN','Hanzhong',NULL,33.075070,107.022140,1006557),(1476,'CN','Hangzhou',NULL,30.293650,120.161420,9236032),(1477,'CN','Changzhi',NULL,36.183890,113.105280,1214940),(1478,'CN','Handan',NULL,36.609990,114.487640,1358318),(1479,'CN','Haikou',NULL,20.034210,110.346510,2873358),(1480,'CN','Guli',NULL,28.881620,120.033080,536000),(1481,'CN','Guiyang',NULL,26.583330,106.716670,3037159),(1482,'CN','Guilin',NULL,25.280220,110.296390,1572300),(1483,'CN','Guigang',NULL,23.116030,109.594720,1086327),(1484,'CN','Guangzhou',NULL,23.116670,113.250000,16096724),(1485,'CN','Ganzhou',NULL,25.846640,114.932600,1977253),(1486,'CN','Fuzhou',NULL,27.959990,116.333330,1089888),(1488,'CN','Fuyang',NULL,32.900000,115.816670,1768947),(1489,'CN','Foshan',NULL,23.026770,113.131480,9042509),(1490,'CN','Dongying',NULL,37.462710,118.491650,998968),(1491,'CN','Dongguan',NULL,23.017970,113.748660,9644871),(1492,'CN','Dezhou',NULL,37.446610,116.367060,679535),(1493,'CN','Deyang',NULL,31.130190,104.381980,735070),(1494,'CN','Dazhou',NULL,31.210600,107.463080,1589435),(1495,'CN','Dalian',NULL,38.912220,121.602220,4913879),(1496,'CN','Chuzhou',NULL,32.321940,118.297780,782671),(1497,'CN','Chuxiong',NULL,25.036390,101.545560,555081),(1498,'CN','Yiwu',NULL,29.315060,120.076760,1481384),(1499,'CN','Chongqing',NULL,29.560260,106.557710,7457599),(1500,'CN','Chizhou',NULL,30.661340,117.477830,615274),(1501,'CN','Chenzhou',NULL,25.800000,113.033330,822534),(1502,'CN','Jiangyin',NULL,31.911020,120.263020,1779515),(1503,'CN','Chengdu',NULL,30.666670,104.066670,13568357),(1504,'CN','Chaozhou',NULL,23.653960,116.622620,1750945),(1505,'CN','Changzhou',NULL,31.773590,119.954010,3290918),(1509,'CN','Cangzhou',NULL,38.311240,116.853340,527681),(1510,'CN','Bozhou',NULL,33.877220,115.770280,1409436),(1511,'CN','Baise',NULL,23.890130,106.626840,686078),(1512,'CN','Binzhou',NULL,37.366670,118.016670,682717),(1513,'CN','Bijie',NULL,27.301930,105.286270,1137383),(1514,'CN','Bengbu',NULL,32.940830,117.360830,972784),(1515,'CN','Beijing',NULL,39.907500,116.397230,18960744),(1516,'CN','Beihai',NULL,21.483490,109.115490,525329),(1518,'CN','Shaoyang',NULL,27.238180,111.462140,753194),(1519,'CN','Baoding',NULL,38.872880,115.462460,2739887),(1520,'CN','Shangyu',NULL,30.015560,120.871110,770000),(1521,'CN','Anshun',NULL,26.250000,105.933330,765313),(1522,'CN','Anqing',NULL,30.513650,117.047230,804493),(1524,'CN','Zhoushan',NULL,29.988690,122.204880,882932),(1525,'CN','Banan',NULL,29.378610,106.540000,508703),(1526,'CN','Yueyang',NULL,29.374550,113.094810,991465),(1527,'CN','Zhangjiakou',NULL,40.783410,114.871390,692602),(1528,'CN','Yingkou',NULL,40.664720,122.231760,591159),(1529,'CN','Tonghua',NULL,41.719720,125.926390,510000),(1530,'CN','Siping',NULL,43.161430,124.377850,555609),(1531,'CN','Shuangyashan',NULL,46.676860,131.132730,600000),(1532,'CN','Shenyang',NULL,41.792220,123.432780,7050000),(1533,'CN','Qiqihar',NULL,47.339220,123.961540,882364),(1535,'CN','Mudanjiang',NULL,44.548040,129.625940,665915),(1536,'CN','Liaoyang',NULL,41.271940,123.173060,687890),(1537,'CN','Jinzhou',NULL,41.107780,121.141670,604269),(1538,'CN','Jilin',NULL,43.846520,126.560800,1895865),(1539,'CN','Jiamusi',NULL,46.797110,130.311180,549549),(1540,'CN','Huludao',NULL,40.752430,120.835520,944495),(1541,'CN','Hohhot',NULL,40.810560,111.652220,2350000),(1542,'CN','Hegang',NULL,47.347270,130.290330,743307),(1543,'CN','Harbin',NULL,45.750000,126.650000,5242897),(1544,'CN','Fuxin',NULL,42.015560,121.658890,689050),(1545,'CN','Fushun',NULL,41.886690,123.943630,1400646),(1546,'CN','Datong',NULL,40.093610,113.291390,1850000),(1547,'CN','Daqing',NULL,46.583330,125.000000,1604027),(1548,'CN','Dandong',NULL,40.129170,124.394720,631973),(1549,'CN','Changchun',NULL,43.880000,125.322780,4714996),(1550,'CN','Benxi',NULL,41.288610,123.765000,987717),(1551,'CN','Baotou',NULL,40.651600,109.843890,2150000),(1552,'CN','Anshan',NULL,41.123610,122.990000,1450000),(1553,'CN','E’zhou',NULL,30.396070,114.886550,668727),(1554,'CN','Panzhihua',NULL,26.585090,101.712760,787177),(1555,'CN','Zhongshan',NULL,22.523060,113.379120,3841873),(1556,'CN','Changshu',NULL,31.646150,120.742210,1677050),(1557,'CN','Hezhou',NULL,24.403570,111.566750,1005490),(1558,'CN','Zhu Cheng City',NULL,35.995020,119.402590,1000000),(1560,'CN','Ulanqab',NULL,40.993000,113.133000,550231),(1561,'CN','Ordos',NULL,39.608600,109.781570,1940653),(1563,'CN','Liupanshui',NULL,26.594440,104.833330,1320825),(1564,'CN','Rizhao',NULL,35.414140,119.529080,661943),(1566,'CN','Xuzhou',NULL,34.204420,117.283860,1253991),(1567,'CN','Panjin',NULL,41.121000,122.073900,1166481),(1568,'CN','Lianyungang',NULL,34.598450,119.215560,2001009),(1569,'CN','Jinzhong',NULL,37.684030,112.754710,1226617),(1570,'CN','Baoji',NULL,34.367750,107.237050,1437802),(1571,'CN','Bayan Nur',NULL,40.741430,107.385990,1760000),(1572,'CN','Bazhong',NULL,31.869400,106.744320,2712894),(1573,'CN','Shizuishan',NULL,38.980820,106.389200,739400),(1574,'CN','Wanzhou',NULL,30.764510,108.395860,1545900),(1575,'CN','Qingyang',NULL,35.709760,107.644550,2125400),(1576,'CN','Daxing’anling',NULL,52.333850,124.712420,520000),(1577,'CN','Mianzhu, Deyang, Sichuan',NULL,31.337860,104.220570,510000),(1578,'CN','Bao\'an',NULL,22.552130,113.882880,4476554),(1580,'CN','Mengzi',NULL,23.367790,103.382120,595100),(1581,'CN','Lüliang',NULL,37.519200,111.144360,3346500),(1582,'CN','Jinshan',NULL,30.835560,121.293730,822776),(1583,'CN','Fengxiang',NULL,30.858410,121.467790,1140872),(1584,'CN','Chongming',NULL,31.618520,121.696210,637921),(1585,'CO','Soacha',NULL,4.579370,-74.216820,655025),(1586,'CO','Medellín',NULL,6.245000,-75.571510,1999979),(1587,'CO','Ibagué',NULL,4.435730,-75.202890,529635),(1588,'CO','Cúcuta',NULL,7.907450,-72.504900,777106),(1589,'CO','Cartagena',NULL,10.398170,-75.493280,914552),(1590,'CO','Cali',NULL,3.430540,-76.519900,2392877),(1591,'CO','Bucaramanga',NULL,7.125000,-73.118950,581130),(1592,'CO','Bogotá',NULL,4.609710,-74.081750,7674366),(1593,'CO','Barranquilla',NULL,10.968540,-74.781320,1206319),(1594,'CU','Santiago de Cuba',NULL,20.022870,-75.821710,555865),(1595,'CU','Havana',NULL,23.133020,-82.383040,2163824),(1596,'CZ','Prague',NULL,50.088040,14.420760,1165581),(1597,'DE','Stuttgart',NULL,48.782320,9.177020,612663),(1598,'DE','Nürnberg',NULL,49.454210,11.077520,515543),(1599,'DE','Munich',NULL,48.137430,11.575490,1505005),(1600,'DE','Leipzig',NULL,51.339620,12.371290,504971),(1601,'DE','Köln',NULL,50.933330,6.950000,1024621),(1602,'DE','Hannover',NULL,52.370520,9.733220,515140),(1603,'DE','Hamburg',NULL,53.550730,9.993020,1973896),(1604,'DE','Frankfurt am Main',NULL,50.115520,8.684170,650000),(1605,'DE','Essen',NULL,51.456570,7.012280,593085),(1606,'DE','Düsseldorf',NULL,51.223190,6.779270,618685),(1607,'DE','Duisburg',NULL,51.432470,6.765160,504358),(1608,'DE','Dresden',NULL,51.050890,13.738320,564904),(1609,'DE','Dortmund',NULL,51.514940,7.466000,588462),(1610,'DE','Bremen',NULL,53.075820,8.807170,546501),(1611,'DE','Berlin',NULL,52.524370,13.410530,3426354),(1612,'DJ','Djibouti',NULL,11.589010,43.145030,626512),(1613,'DK','Copenhagen',NULL,55.675940,12.565530,1153615),(1614,'DO','Santo Domingo',NULL,18.471860,-69.892320,2201941),(1615,'DO','Santiago de los Caballeros',NULL,19.450360,-70.690850,1200000),(1616,'DO','Santo Domingo Oeste',NULL,18.500000,-70.000000,701269),(1618,'DZ','Oran',NULL,35.699060,-0.635880,803329),(1619,'DZ','Algiers',NULL,36.732250,3.087460,2364230),(1620,'EC','Quito',NULL,-0.229850,-78.524950,2781641),(1621,'EC','Guayaquil',NULL,-2.196160,-79.886210,2723665),(1622,'EC','Cuenca',NULL,-2.895300,-78.996300,636996),(1623,'EG','Tanta',NULL,30.788470,31.001920,576648),(1626,'EG','Port Said',NULL,31.265310,32.301900,780515),(1627,'EG','Assiut',NULL,27.180960,31.183680,528669),(1628,'EG','Suez',NULL,29.973710,32.526270,699541),(1629,'EG','Cairo',NULL,30.062630,31.249670,9606916),(1630,'EG','Al Mansurah',NULL,31.036370,31.380690,621953),(1631,'EG','Al Maḩallah al Kubrá',NULL,30.970630,31.166900,592573),(1633,'EG','Alexandria',NULL,31.201760,29.915820,5263542),(1634,'EG','Al Fayyum',NULL,29.309950,30.841800,519047),(1635,'ER','Asmara',NULL,15.338050,38.931840,563930),(1636,'ES','Valencia',NULL,39.473910,-0.379660,824340),(1637,'ES','Sevilla',NULL,37.382830,-5.973170,686741),(1638,'ES','Málaga',NULL,36.720160,-4.420340,592346),(1639,'ES','Zaragoza',NULL,41.656060,-0.877340,686986),(1640,'ES','Madrid',NULL,40.416500,-3.702560,3255944),(1641,'ES','Barcelona',NULL,41.388790,2.158990,1686208),(1642,'ET','Addis Ababa',NULL,9.024970,38.746890,3860000),(1643,'FI','Helsinki',NULL,60.169520,24.935450,658864),(1644,'FR','Toulouse',NULL,43.604260,1.443670,511684),(1645,'FR','Paris',NULL,48.853410,2.348800,2138551),(1646,'FR','Marseille',NULL,43.296950,5.381070,877215),(1647,'FR','Lyon',NULL,45.749060,4.847890,520774),(1648,'GA','Libreville',NULL,0.392410,9.453560,846090),(1649,'GB','Sheffield',NULL,53.382970,-1.465900,556500),(1650,'GB','Manchester',NULL,53.480950,-2.237430,568996),(1651,'GB','London',NULL,51.508530,-0.125740,8961989),(1652,'GB','Leeds',NULL,53.796480,-1.547850,536280),(1653,'GB','Glasgow',NULL,55.865150,-4.257630,626410),(1654,'GB','Edinburgh',NULL,55.952060,-3.196480,514990),(1655,'GB','Birmingham',NULL,52.481420,-1.899830,1157603),(1656,'GE','Tbilisi',NULL,41.691430,44.834120,1049498),(1657,'GH','Kumasi',NULL,6.688480,-1.624430,2544530),(1658,'GH','Accra',NULL,5.556020,-0.196900,1963264),(1659,'GN','Conakry',NULL,9.537950,-13.677290,1928389),(1661,'GR','Athens',NULL,37.983760,23.727840,664046),(1662,'GT','Villa Nueva',NULL,14.525120,-90.585440,618397),(1663,'GT','Guatemala City',NULL,14.640720,-90.513270,994938),(1664,'HK','Tuen Mun',NULL,22.391750,113.971570,507900),(1666,'HK','Hong Kong',NULL,22.278320,114.174690,7396076),(1668,'HK','New Territories',NULL,22.424410,114.110950,3984077),(1670,'HN','Tegucigalpa',NULL,14.081800,-87.206810,850848),(1671,'HN','San Pedro Sula',NULL,15.505850,-88.025880,801259),(1672,'HR','Zagreb',NULL,45.814440,15.977980,663592),(1673,'HT','Port-au-Prince',NULL,18.543490,-72.338810,1234742),(1675,'HU','Budapest',NULL,47.498350,19.040450,1741041),(1677,'ID','Medan',NULL,3.583330,98.666670,2435252),(1678,'ID','Makassar',NULL,-5.148610,119.431940,1423877),(1679,'ID','Tasikmalaya',NULL,-7.327400,108.220700,741760),(1680,'ID','Bandar Lampung',NULL,-5.429170,105.261110,1166066),(1681,'ID','Tangerang',NULL,-6.178060,106.630000,1912679),(1682,'ID','Surakarta',NULL,-7.556110,110.831670,526870),(1683,'ID','Surabaya',NULL,-7.249170,112.750830,2874314),(1684,'ID','Situbondo',NULL,-7.706230,114.009760,685967),(1685,'ID','Serang',NULL,-6.115280,106.154170,692101),(1686,'ID','Semarang',NULL,-6.993060,110.420830,1653524),(1687,'ID','Samarinda',NULL,-0.491670,117.145830,831460),(1688,'ID','Pontianak',NULL,-0.031940,109.325000,658685),(1689,'ID','Pekanbaru',NULL,0.516670,101.441670,1085000),(1690,'ID','Palembang',NULL,-2.916730,104.745800,1668848),(1691,'ID','Padang',NULL,-0.949240,100.354270,909040),(1692,'ID','Malang',NULL,-7.979700,112.630400,847182),(1693,'ID','Jepara',NULL,-6.592400,110.671000,1257912),(1694,'ID','Jambi City',NULL,-1.600000,103.616670,606200),(1695,'ID','Jakarta',NULL,-6.214620,106.845130,8540121),(1696,'ID','Depok',NULL,-6.400000,106.818610,2145400),(1697,'ID','Denpasar',NULL,-8.650000,115.216670,725314),(1699,'ID','Bogor',NULL,-6.594440,106.789170,1127408),(1700,'ID','Bekasi',NULL,-6.234900,106.989600,2564940),(1701,'ID','Banjarmasin',NULL,-3.319870,114.590750,657663),(1702,'ID','Bandung',NULL,-6.922220,107.606940,2444160),(1703,'ID','Balikpapan',NULL,-1.267530,116.828870,695287),(1704,'ID','Batam',NULL,1.149370,104.024910,1164352),(1705,'ID','South Tangerang',NULL,-6.288620,106.717890,1404785),(1706,'IE','Dublin',NULL,53.333060,-6.248890,1024027),(1707,'IL','Jerusalem',NULL,31.769040,35.216330,971800),(1708,'IN','Warangal',NULL,18.000000,79.583330,704570),(1709,'IN','Visakhapatnam',NULL,17.680090,83.201610,1063178),(1710,'IN','Virār',NULL,19.455910,72.811360,1222390),(1711,'IN','Vijayawada',NULL,16.507450,80.646600,1143232),(1712,'IN','Varanasi',NULL,25.316680,83.010410,1164404),(1713,'IN','Vadodara',NULL,22.299410,73.208120,1822221),(1715,'IN','Ujjain',NULL,23.182390,75.776430,515215),(1716,'IN','Thiruvananthapuram',NULL,8.485500,76.949240,788271),(1717,'IN','Tiruppur',NULL,11.115410,77.354560,963173),(1718,'IN','Tirunelveli',NULL,8.727420,77.683800,1435844),(1719,'IN','Tiruchirappalli',NULL,10.815500,78.696510,1022518),(1720,'IN','Thāne',NULL,19.197040,72.963550,1841488),(1721,'IN','Teni',NULL,10.011150,77.477720,1034724),(1722,'IN','Surat',NULL,21.195940,72.830230,4591246),(1723,'IN','Srinagar',NULL,34.085650,74.805550,1206419),(1724,'IN','Sholapur',NULL,17.671520,75.910440,997281),(1725,'IN','Siliguri',NULL,26.710040,88.428510,515574),(1726,'IN','Sāngli',NULL,16.854380,74.564170,601214),(1727,'IN','Salem',NULL,11.653760,78.155380,917414),(1728,'IN','Rasapūdipalem',NULL,17.733080,83.316220,1728128),(1729,'IN','Ranchi',NULL,23.343160,85.309400,1120374),(1730,'IN','Rājkot',NULL,22.291610,70.793220,1390640),(1731,'IN','Raipur',NULL,21.233330,81.633330,1027264),(1732,'IN','Pune',NULL,18.519570,73.855350,3124458),(1733,'IN','Puducherry',NULL,11.933810,79.829790,657209),(1735,'IN','Patna',NULL,25.594080,85.135630,1684297),(1736,'IN','Nowrangapur',NULL,19.231140,82.548260,1220946),(1737,'IN','Nellore',NULL,14.449920,79.986970,547621),(1738,'IN','Nashik',NULL,19.997270,73.790960,1486053),(1739,'IN','Narela',NULL,28.852670,77.092880,800000),(1740,'IN','Nanded',NULL,19.160230,77.314970,550564),(1741,'IN','Najafgarh',NULL,28.609220,76.979820,1365000),(1742,'IN','Nagpur',NULL,21.146310,79.084910,2405665),(1743,'IN','Mysuru',NULL,12.297910,76.639250,920550),(1744,'IN','Morādābād',NULL,28.838930,78.776840,721139),(1745,'IN','Meerut',NULL,28.980020,77.706360,1223184),(1746,'IN','Madurai',NULL,9.919000,78.119530,1465625),(1747,'IN','Chennai',NULL,13.087840,80.278470,4681087),(1748,'IN','Ludhiana',NULL,30.912040,75.853790,1618879),(1749,'IN','Lucknow',NULL,26.839280,80.923130,2472011),(1750,'IN','Loni',NULL,28.751430,77.290230,516082),(1751,'IN','Kozhikode',NULL,11.248020,75.780400,550440),(1752,'IN','Kota',NULL,25.182540,75.839070,1001694),(1753,'IN','Kolhāpur',NULL,16.695630,74.231670,549236),(1755,'IN','Kanpur',NULL,26.465230,80.349750,2823249),(1756,'IN','Kalyān',NULL,19.243700,73.135540,1262255),(1757,'IN','Jalandhar',NULL,31.325560,75.579170,868929),(1758,'IN','Jodhpur',NULL,26.268410,73.005940,1056191),(1759,'IN','Jamshedpur',NULL,22.802780,86.185450,1339438),(1760,'IN','Jamnagar',NULL,22.472920,70.066730,600943),(1761,'IN','Jammu',NULL,32.735280,74.861670,576198),(1762,'IN','Jaipur',NULL,26.919620,75.787810,3046163),(1763,'IN','Jabalpur',NULL,23.166970,79.950060,1081677),(1764,'IN','Indore',NULL,22.717920,75.833300,1994397),(1765,'IN','Hyderabad',NULL,17.384050,78.456360,6993262),(1766,'IN','Hubballi',NULL,15.347760,75.133780,943788),(1768,'IN','Gwalior',NULL,26.229830,78.173370,1054420),(1769,'IN','Gurugram',NULL,28.460100,77.026350,886519),(1770,'IN','Guntur',NULL,16.299740,80.457290,670073),(1771,'IN','Kalaburagi',NULL,17.335830,76.837570,543147),(1772,'IN','Gorakhpur',NULL,29.447680,75.672060,1324570),(1774,'IN','Ghāziābād',NULL,28.665350,77.439150,1199191),(1775,'IN','Guwahati',NULL,26.184400,91.745800,962334),(1776,'IN','Faridabad',NULL,28.411240,77.313160,1414050),(1777,'IN','Erode',NULL,11.342800,77.727410,521891),(1778,'IN','Durgapur',NULL,23.515830,87.308010,518872),(1781,'IN','Dhanbad',NULL,23.797590,86.429920,1196214),(1782,'IN','Delhi',NULL,28.651950,77.231490,11034555),(1783,'IN','Dehradun',NULL,30.324430,78.033920,522081),(1784,'IN','Cuttack',NULL,20.464970,85.879270,610189),(1785,'IN','Coimbatore',NULL,11.005550,76.966120,2136916),(1786,'IN','Kochi',NULL,9.939880,76.260220,633553),(1787,'IN','Chandigarh',NULL,30.736290,76.788400,970602),(1788,'IN','Kolkata',NULL,22.562630,88.363040,4631392),(1790,'IN','Mumbai',NULL,19.072830,72.882610,12691836),(1791,'IN','Bokāro',NULL,23.669340,86.151610,564319),(1792,'IN','Bilimora',NULL,20.769570,72.961340,510879),(1793,'IN','Bikaner',NULL,28.017620,73.314950,644406),(1794,'IN','Bhubaneswar',NULL,20.272410,85.833850,885363),(1795,'IN','Bhopal',NULL,23.254690,77.402890,1798218),(1797,'IN','Bhilai',NULL,21.209190,81.428500,627734),(1798,'IN','Bhayandar',NULL,19.301570,72.851070,809378),(1799,'IN','Bhavnagar',NULL,21.762870,72.153310,605882),(1800,'IN','Bareilly',NULL,28.366780,79.431670,745435),(1801,'IN','Bengaluru',NULL,12.971940,77.593690,8495492),(1802,'IN','Aurangabad',NULL,19.877570,75.342260,1175116),(1803,'IN','Āsansol',NULL,23.683330,86.983330,504271),(1804,'IN','Amritsar',NULL,31.622340,74.875340,1159227),(1805,'IN','Amravati',NULL,20.933330,77.750000,647057),(1806,'IN','Prayagraj',NULL,25.444780,81.843220,1073438),(1807,'IN','Alīgarh',NULL,27.881450,78.074640,753207),(1808,'IN','Ajmer',NULL,26.452100,74.638670,542321),(1809,'IN','Ahmedabad',NULL,23.025790,72.587270,6357693),(1810,'IN','Agra',NULL,27.183330,78.016670,1430055),(1811,'IN','Navi Mumbai',NULL,19.036810,73.015820,2600000),(1813,'IN','Pimpri-Chinchwad',NULL,18.618670,73.803750,1727692),(1814,'IN','Rohini',NULL,28.743220,77.067780,860000),(1815,'IN','Kallakurichi',NULL,11.733790,78.959250,1682687),(1817,'IQ','Kirkuk',NULL,35.468060,44.392220,1031000),(1818,'IQ','Karbala',NULL,32.616030,44.024880,1218732),(1819,'IQ','Erbil',NULL,36.191170,44.009430,1612700),(1820,'IQ','Baghdad',NULL,33.340580,44.400880,7216000),(1821,'IQ','Sulaymaniyah',NULL,35.564960,45.432900,878146),(1822,'IQ','Nasiriyah',NULL,31.057990,46.257260,558400),(1824,'IQ','Mosul',NULL,36.335000,43.118890,1683000),(1825,'IQ','Basrah',NULL,30.508520,47.780400,1326564),(1826,'IQ','Abū Ghurayb',NULL,33.305630,44.184770,900000),(1830,'IR','Tehran',NULL,35.694390,51.421510,7153309),(1831,'IR','Tabriz',NULL,38.080000,46.291900,1424641),(1832,'IR','Shiraz',NULL,29.610310,52.531130,1249942),(1833,'IR','Rasht',NULL,37.276110,49.588620,594590),(1834,'IR','Qom',NULL,34.640100,50.876400,900000),(1835,'IR','Orūmīyeh',NULL,37.552740,45.076050,577307),(1836,'IR','Mashhad',NULL,36.298070,59.605670,2307177),(1837,'IR','Kermanshah',NULL,34.314170,47.065000,621100),(1838,'IR','Kerman',NULL,30.283210,57.078790,577514),(1839,'IR','Karaj',NULL,35.832660,50.991550,1448075),(1840,'IR','Hamadān',NULL,34.799220,48.514560,528256),(1841,'IR','Arāk',NULL,34.094930,49.698090,503647),(1842,'IR','Ahvaz',NULL,31.319010,48.684200,841145),(1843,'IR','Isfahan',NULL,32.652460,51.674620,1547164),(1844,'IR','Zahedan',NULL,29.496300,60.862900,551980),(1845,'IT','Palermo',NULL,38.116600,13.363600,648260),(1846,'IT','Turin',NULL,45.070490,7.686820,847287),(1847,'IT','Rome',NULL,41.891930,12.511330,2318895),(1848,'IT','Naples',NULL,40.852160,14.268110,909048),(1849,'IT','Milan',NULL,45.464270,9.189510,1371498),(1850,'IT','Genoa',NULL,44.404780,8.944390,580097),(1852,'JM','Kingston',NULL,17.997020,-76.793580,937700),(1853,'JO','Irbid',NULL,32.555560,35.850000,569068),(1854,'JO','Zarqa',NULL,32.072750,36.087960,792665),(1855,'JO','Amman',NULL,31.955220,35.945030,1275857),(1856,'JP','Yokohama',NULL,35.433330,139.650000,3777491),(1857,'JP','Utsunomiya',NULL,36.566670,139.883330,518757),(1858,'JP','Tokyo',NULL,35.689500,139.691710,9733276),(1859,'JP','Shizuoka',NULL,34.983330,138.383330,693389),(1860,'JP','Sakai',NULL,34.582160,135.466530,826161),(1861,'JP','Osaka',NULL,34.693790,135.501070,2753862),(1862,'JP','Okayama',NULL,34.650000,133.933330,724691),(1863,'JP','Niigata',NULL,37.922590,139.041250,797591),(1864,'JP','Nagoya',NULL,35.181470,136.906410,2332176),(1865,'JP','Kyoto',NULL,35.021070,135.753850,1463723),(1866,'JP','Kumamoto',NULL,32.805890,130.691810,738907),(1867,'JP','Kobe',NULL,34.691300,135.183000,1525152),(1868,'JP','Kitakyushu',NULL,33.851810,130.850340,940978),(1869,'JP','Kawasaki',NULL,35.520560,139.717220,1538262),(1871,'JP','Kagoshima',NULL,31.566670,130.550000,595049),(1873,'JP','Hiroshima',NULL,34.400000,132.450000,1200754),(1874,'JP','Himeji',NULL,34.816670,134.700000,530495),(1875,'JP','Hamamatsu',NULL,34.700000,137.733330,791707),(1877,'JP','Honchō',NULL,35.701290,139.986480,644668),(1878,'JP','Fukuoka',NULL,33.600000,130.416670,1612392),(1879,'JP','Aihara',NULL,35.600000,139.316670,725493),(1880,'JP','Matsuyama',NULL,33.839160,132.765740,511192),(1881,'JP','Sendai',NULL,38.266670,140.866670,1096704),(1882,'JP','Chiba',NULL,35.600000,140.116670,979768),(1883,'JP','Sapporo',NULL,43.066670,141.350000,1973832),(1884,'JP','Saitama',NULL,35.908070,139.656570,1324854),(1891,'JP','Suginami',NULL,36.201300,140.284060,588354),(1892,'KE','Nakuru',NULL,-0.307190,36.072250,570674),(1893,'KE','Nairobi',NULL,-1.283330,36.816670,4397073),(1894,'KE','Mombasa',NULL,-4.054660,39.663590,1208333),(1895,'KE','Kakamega',NULL,0.284220,34.752290,1867579),(1896,'KG','Bishkek',NULL,42.870000,74.590000,900000),(1897,'KH','Phnom Penh',NULL,11.562450,104.916010,1573544),(1898,'KH','Takeo',NULL,10.990810,104.784980,843931),(1899,'KP','Pyongyang',NULL,39.033850,125.754320,3222000),(1900,'KP','Hamhŭng',NULL,39.918330,127.536390,559056),(1901,'KR','Ulsan',NULL,35.537220,129.316670,1098421),(1902,'KR','Daejeon',NULL,36.349130,127.384930,1441203),(1903,'KR','Daegu',NULL,35.870280,128.591110,2365523),(1904,'KR','Suwon',NULL,37.291110,127.008890,1234582),(1905,'KR','Seoul',NULL,37.566000,126.978400,10349312),(1906,'KR','Busan',NULL,35.101680,129.030040,3285147),(1908,'KR','Gwangju',NULL,35.154720,126.915560,1401235),(1909,'KR','Goyang-si',NULL,37.656390,126.835000,1061752),(1910,'KR','Kimhae',NULL,35.234170,128.881110,531966),(1911,'KR','Incheon',NULL,37.456460,126.705150,3015482),(1912,'KR','Hwaseong-si',NULL,37.206820,126.816900,640890),(1913,'KR','Jeonju',NULL,35.821940,127.148890,638421),(1914,'KR','Cheongju-si',NULL,36.637220,127.489720,852147),(1915,'KR','Cheonan',NULL,36.806500,127.152200,658831),(1916,'KR','Changwon',NULL,35.228060,128.681110,1025702),(1917,'KR','Anyang-si',NULL,37.392500,126.926940,595644),(1918,'KR','Ansan-si',NULL,37.323610,126.821940,623256),(1919,'KR','Seongnam-si',NULL,37.438610,127.137780,914832),(1920,'KW','Al Aḩmadī',NULL,29.076940,48.083890,637411),(1921,'KZ','Aktobe',NULL,50.279690,57.207180,500757),(1922,'KZ','Shymkent',NULL,42.309880,69.600420,1200000),(1923,'KZ','Almaty',NULL,43.252490,76.911500,1977011),(1924,'LA','Vientiane',NULL,17.966670,102.600000,840940),(1926,'LB','Beirut',NULL,33.893320,35.501570,1916100),(1927,'LK','Colombo',NULL,6.935480,79.848680,648034),(1928,'LR','Monrovia',NULL,6.300540,-10.796900,1542549),(1929,'LT','Vilnius',NULL,54.689160,25.279800,542366),(1930,'LV','Riga',NULL,56.946000,24.105890,742572),(1931,'LY','Benghazi',NULL,32.114860,20.068590,757490),(1932,'LY','Tripoli',NULL,32.887430,13.187330,1302947),(1933,'MA','Tangier',NULL,35.767270,-5.799750,1035141),(1935,'MA','Rabat',NULL,34.013250,-6.832550,1655753),(1936,'MA','Oujda',NULL,34.681390,-1.908580,539711),(1937,'MA','Meknes',NULL,33.893520,-5.547270,568295),(1938,'MA','Marrakesh',NULL,31.634160,-7.999940,995871),(1939,'MA','Fes',NULL,34.033130,-5.000280,1191905),(1940,'MA','Casablanca',NULL,33.588310,-7.611380,3665954),(1941,'MA','Agadir',NULL,30.420180,-9.598150,698310),(1942,'MD','Chisinau',NULL,47.009020,28.859380,635994),(1943,'MG','Antananarivo',NULL,-18.913680,47.536130,1349501),(1944,'ML','Bamako',NULL,12.609150,-7.975220,4227569),(1945,'MM','Yangon',NULL,16.805280,96.156110,4477638),(1946,'MM','Mandalay',NULL,21.974730,96.083590,1208099),(1947,'MM','Nay Pyi Taw',NULL,19.745000,96.129720,925000),(1948,'MM','Hlaingthaya',NULL,16.850000,96.066670,687867),(1949,'MN','Ulan Bator',NULL,47.907710,106.883240,844818),(1950,'MO','Macau',NULL,22.200560,113.546110,649335),(1951,'MR','Nouakchott',NULL,18.085810,-15.978500,1184530),(1952,'MW','Lilongwe',NULL,-13.966920,33.787250,1115815),(1953,'MW','Blantyre',NULL,-15.784990,35.008540,902588),(1956,'MX','Tuxtla',NULL,16.753570,-93.115780,604147),(1959,'MX','Cuautitlán Izcalli',NULL,19.643880,-99.215980,555163),(1960,'MX','Reynosa',NULL,26.080050,-98.284560,589466),(1961,'MX','Puebla',NULL,19.047780,-98.207230,1692181),(1962,'MX','Naucalpan de Juárez',NULL,19.478510,-99.239630,834434),(1963,'MX','Mérida',NULL,20.967000,-89.623180,1201000),(1964,'MX','Heroica Matamoros',NULL,25.879720,-97.504170,510739),(1965,'MX','Iztapalapa',NULL,19.355290,-99.062240,1835486),(1966,'MX','Ecatepec de Morelos',NULL,19.604920,-99.060640,1645352),(1969,'MX','Mexico City',NULL,19.428470,-99.127660,12294193),(1970,'MX','Cancún',NULL,21.174290,-86.846560,888797),(1971,'MX','Acapulco de Juárez',NULL,16.849420,-99.908910,658609),(1973,'MX','Zapopan',NULL,20.721110,-103.387420,1476491),(1974,'MX','Torreón',NULL,25.543890,-103.418980,735340),(1976,'MX','Tijuana',NULL,32.502700,-117.003710,1922523),(1977,'MX','San Luis Potosí',NULL,22.152340,-100.971350,722772),(1978,'MX','Saltillo',NULL,25.425950,-100.979630,709671),(1979,'MX','Santiago de Querétaro',NULL,20.588060,-100.388060,1594212),(1980,'MX','Morelia',NULL,19.700780,-101.184430,743275),(1981,'MX','Monterrey',NULL,25.684350,-100.317210,1135512),(1982,'MX','Mexicali',NULL,32.627810,-115.454460,1032686),(1983,'MX','León de los Aldama',NULL,21.129080,-101.673740,1579803),(1984,'MX','Hermosillo',NULL,29.088740,-110.966770,812229),(1987,'MX','Victoria de Durango',NULL,24.020320,-104.657560,518709),(1988,'MX','Culiacán',NULL,24.802090,-107.394210,808416),(1989,'MX','Ciudad Juárez',NULL,31.720240,-106.460840,1512450),(1990,'MX','Chihuahua',NULL,28.635280,-106.088890,925762),(1991,'MX','Aguascalientes',NULL,21.882620,-102.284300,722250),(1992,'MY','Pasir Gudang',NULL,1.462000,103.905300,534659),(1994,'MY','Johor Bahru',NULL,1.465500,103.757800,858118),(1996,'MY','Kota Kinabalu',NULL,5.974900,116.072400,500421),(1997,'MY','Ipoh',NULL,4.584100,101.082900,759952),(1998,'MY','Malacca',NULL,2.196000,102.240500,579000),(2000,'MY','Kuala Lumpur',NULL,3.141200,101.686530,1453975),(2001,'MY','Kuantan',NULL,3.807700,103.326000,548014),(2002,'MY','Sungai Petani',NULL,5.647000,100.487720,544851),(2003,'MY','Kota Bharu',NULL,6.123610,102.243330,568900),(2005,'MY','Kota Kuala Muda',NULL,5.588220,100.370850,544984),(2006,'MY','Selayang Baru Utara',NULL,3.254900,101.666800,542409),(2008,'MY','Iskandar Puteri',NULL,1.393240,103.623220,575977),(2009,'MY','Mukim Pulai',NULL,1.533330,103.666670,505661),(2011,'MZ','Nampula',NULL,-15.116460,39.266600,770379),(2012,'MZ','Matola',NULL,-25.962220,32.458890,1198988),(2013,'MZ','Maputo',NULL,-25.965530,32.583220,1254837),(2014,'MZ','Beira',NULL,-19.843610,34.838890,687764),(2015,'NE','Niamey',NULL,13.513660,2.109800,1323691),(2016,'NG','Zaria',NULL,11.111280,7.722700,980000),(2017,'NG','Warri',NULL,5.517370,5.750060,910000),(2018,'NG','Sokoto',NULL,13.062690,5.243220,1040000),(2019,'NG','Port Harcourt',NULL,4.777420,7.013400,2120000),(2020,'NG','Oyo',NULL,7.853670,3.932350,736072),(2021,'NG','Owerri',NULL,5.483630,7.033250,545000),(2022,'NG','Osogbo',NULL,7.771040,4.556980,645000),(2023,'NG','Onitsha',NULL,6.149780,6.785690,1553000),(2024,'NG','Maiduguri',NULL,11.846920,13.157120,1110000),(2025,'NG','Lagos',NULL,6.454070,3.394670,15388000),(2026,'NG','Katsina',NULL,12.990820,7.601770,670000),(2027,'NG','Kano',NULL,12.000120,8.516720,4910000),(2028,'NG','Kaduna',NULL,10.526410,7.438790,1850000),(2029,'NG','Jos',NULL,9.928490,8.892120,1040000),(2030,'NG','Ilorin',NULL,8.496640,4.542140,1080000),(2031,'NG','Ile-Ife',NULL,7.482400,4.560320,560000),(2032,'NG','Ibadan',NULL,7.377560,3.905910,3649000),(2033,'NG','Gombe',NULL,10.289690,11.167290,560000),(2034,'NG','Enugu',NULL,6.441320,7.498830,950000),(2035,'NG','Ebute Ikorodu',NULL,6.600860,3.488180,535619),(2036,'NG','Calabar',NULL,4.958930,8.326950,540000),(2037,'NG','Benin City',NULL,6.338150,5.625750,1782000),(2038,'NG','Bauchi',NULL,10.310320,9.843880,693700),(2039,'NG','Akure',NULL,7.252560,5.193120,730000),(2040,'NG','Abuja',NULL,9.057850,7.495080,2690000),(2041,'NG','Abeokuta',NULL,7.155710,3.345090,735000),(2042,'NG','Aba',NULL,5.106580,7.366670,1160000),(2044,'NI','Managua',NULL,12.132820,-86.250400,973087),(2045,'NL','Rotterdam',NULL,51.922500,4.479170,868135),(2046,'NL','Amsterdam',NULL,52.374030,4.889690,741636),(2047,'NO','Oslo',NULL,59.912730,10.746090,1082575),(2048,'NP','Pokhara',NULL,28.266890,83.968510,600051),(2049,'NP','Kathmandu',NULL,27.701690,85.320600,1442271),(2050,'NZ','Auckland',NULL,-36.848530,174.763490,1547200),(2051,'OM','Muscat',NULL,23.584130,58.407780,797000),(2052,'PE','Trujillo',NULL,-8.115990,-79.029980,919899),(2053,'PE','Chiclayo',NULL,-6.770080,-79.854950,552508),(2054,'PE','Lima',NULL,-12.043180,-77.028240,7737002),(2055,'PE','Callao',NULL,-12.051620,-77.134520,1300000),(2056,'PE','Arequipa',NULL,-16.398990,-71.537470,1008290),(2057,'PH','Zamboanga',NULL,6.910280,122.073890,1018849),(2060,'PH','Quezon City',NULL,14.648800,121.050900,3084270),(2065,'PH','General Santos',NULL,6.112780,125.171670,722059),(2066,'PH','Davao',NULL,7.073060,125.612780,1848947),(2067,'PH','Cebu City',NULL,10.316720,123.890710,965332),(2069,'PH','Calamba',NULL,14.211670,121.165280,575046),(2070,'PH','Cagayan de Oro',NULL,8.482220,124.647220,741617),(2071,'PH','Budta',NULL,7.204170,124.439720,1273715),(2075,'PK','Sukkur',NULL,27.703230,68.858890,563851),(2076,'PK','Sialkot',NULL,32.492680,74.531340,911817),(2077,'PK','Shekhupura',NULL,31.712870,73.985560,591424),(2078,'PK','Sargodha',NULL,32.085860,72.674180,975886),(2079,'PK','Sahiwal',NULL,30.665950,73.101860,538344),(2080,'PK','Rawalpindi',NULL,33.597330,73.047900,3357612),(2081,'PK','Rahim Yar Khan',NULL,28.419870,70.303450,517000),(2082,'PK','Quetta',NULL,30.184140,67.001410,1565546),(2083,'PK','Peshawar',NULL,34.008000,71.578490,4758762),(2084,'PK','Okara',NULL,30.810290,73.451550,533693),(2085,'PK','Muzaffarābād',NULL,34.370020,73.470820,725000),(2086,'PK','Multan',NULL,30.196790,71.478240,2169915),(2087,'PK','Lahore',NULL,31.558000,74.350710,13004135),(2088,'PK','Kasur',NULL,31.118660,74.450250,510875),(2089,'PK','Karachi',NULL,24.860800,67.010400,11624219),(2090,'PK','Islamabad',NULL,33.721480,73.043290,601600),(2091,'PK','Hyderabad',NULL,25.396890,68.377180,1921275),(2092,'PK','Gujrat',NULL,32.574200,74.075420,574240),(2093,'PK','Gujranwala',NULL,32.155670,74.187050,2511118),(2094,'PK','Faisalabad',NULL,31.415540,73.089690,3800193),(2095,'PK','Dera Ismail Khan',NULL,31.831290,70.901700,763195),(2096,'PK','Battagram',NULL,34.677190,73.023290,700000),(2097,'PK','Bannu',NULL,32.985270,70.604030,1357890),(2098,'PK','Bahawalpur',NULL,29.397790,71.675200,903795),(2099,'PL','Warsaw',NULL,52.229770,21.011780,1702139),(2100,'PL','Wrocław',NULL,51.102860,17.030060,672545),(2101,'PL','Poznań',NULL,52.406920,16.929930,536151),(2102,'PL','Łódź',NULL,51.770580,19.473950,645693),(2103,'PL','Kraków',NULL,50.061430,19.936580,804237),(2104,'PT','Lisbon',NULL,38.725090,-9.149800,517802),(2105,'PY','Asunción',NULL,-25.286460,-57.647000,1482200),(2106,'RO','Bucharest',NULL,44.432250,26.106260,1877155),(2107,'RS','Belgrade',NULL,44.804010,20.465130,1273651),(2108,'RU','Yaroslavl',NULL,57.629870,39.873680,608722),(2109,'RU','Voronezh',NULL,51.668330,39.192040,1047549),(2110,'RU','Volgograd',NULL,48.713780,44.497600,1013533),(2111,'RU','Ulyanovsk',NULL,54.328240,48.386570,626540),(2112,'RU','Ufa',NULL,54.743060,55.967790,1120547),(2113,'RU','Tolyatti',NULL,53.530300,49.346100,702879),(2114,'RU','Saratov',NULL,51.540480,45.990100,844858),(2115,'RU','Saint Petersburg',NULL,59.938630,30.314130,5351935),(2116,'RU','Samara',NULL,53.207670,50.135530,1163399),(2117,'RU','Ryazan’',NULL,54.626960,39.704150,538962),(2118,'RU','Rostov-on-Don',NULL,47.219970,39.707690,1130305),(2119,'RU','Perm',NULL,58.010460,56.250170,982419),(2120,'RU','Penza',NULL,53.195680,45.010750,523553),(2121,'RU','Orenburg',NULL,51.767120,55.098830,564773),(2122,'RU','Nizhniy Novgorod',NULL,56.328670,44.002050,1259013),(2123,'RU','Naberezhnyye Chelny',NULL,55.737180,52.419610,509870),(2124,'RU','Moscow',NULL,55.752040,37.617810,10381222),(2125,'RU','Makhachkala',NULL,42.977820,47.500270,596356),(2126,'RU','Lipetsk',NULL,52.587600,39.551510,509735),(2127,'RU','Krasnodar',NULL,45.045340,38.981780,899541),(2128,'RU','Kirov',NULL,58.598090,49.657830,507155),(2129,'RU','Kazan',NULL,55.788740,49.122140,1243500),(2130,'RU','Izhevsk',NULL,56.852250,53.198620,648213),(2131,'RU','Astrakhan',NULL,46.349680,48.040760,533925),(2132,'RU','Yekaterinburg',NULL,56.857330,60.615290,1495066),(2133,'RU','Tyumen',NULL,57.152220,65.527220,768358),(2134,'RU','Tomsk',NULL,56.500490,84.982160,574002),(2135,'RU','Omsk',NULL,54.992440,73.368590,1172070),(2136,'RU','Novosibirsk',NULL,55.022590,82.931750,1612833),(2137,'RU','Novokuznetsk',NULL,53.757520,87.135990,539616),(2138,'RU','Krasnoyarsk',NULL,56.037420,92.931360,1090811),(2139,'RU','Kemerovo',NULL,55.354170,86.104350,558973),(2140,'RU','Chelyabinsk',NULL,55.161100,61.428770,1202371),(2141,'RU','Barnaul',NULL,53.361990,83.727860,632372),(2142,'RU','Vladivostok',NULL,43.105620,131.873530,604901),(2143,'RU','Khabarovsk',NULL,48.462040,135.097100,618150),(2144,'RU','Irkutsk',NULL,52.295660,104.290760,623869),(2147,'RW','Kigali',NULL,-1.949950,30.058850,1132686),(2148,'SA','Tabuk',NULL,28.399800,36.571510,667000),(2150,'SA','Najrān',NULL,17.493260,44.127660,505652),(2151,'SA','Makkah',NULL,21.426640,39.825630,1578722),(2152,'SA','Jeddah',NULL,21.490120,39.186240,4697000),(2153,'SA','Ha\'il',NULL,27.521880,41.690730,605930),(2154,'SA','Buraydah',NULL,26.325990,43.974970,745353),(2155,'SA','Ta’if',NULL,21.270280,40.415830,688693),(2156,'SA','Riyadh',NULL,24.687730,46.721850,4205961),(2157,'SA','Madinah',NULL,24.468610,39.614170,1300000),(2158,'SA','Dammam',NULL,26.434420,50.103260,1252523),(2159,'SD','Omdurman',NULL,15.644530,32.477730,1849659),(2160,'SD','Nyala',NULL,12.048880,24.880690,565734),(2162,'SD','Khartoum',NULL,15.551770,32.532410,1974647),(2163,'SE','Stockholm',NULL,59.329380,18.068710,1515017),(2164,'SE','Göteborg',NULL,57.707160,11.966790,608462),(2165,'SG','Singapore',NULL,1.289670,103.850070,5638700),(2166,'SL','Freetown',NULL,8.487140,-13.235600,802639),(2167,'SN','Touba',NULL,14.862290,-15.875320,1120824),(2169,'SN','Dakar',NULL,14.693700,-17.444060,2646503),(2170,'SO','Mogadishu',NULL,2.037110,45.343750,2587183),(2171,'SO','Borama',NULL,9.936110,43.182780,597842),(2172,'SV','San Salvador',NULL,13.689350,-89.187180,525990),(2173,'SY','Homs',NULL,34.724050,36.725590,775404),(2174,'SY','Aleppo',NULL,36.201240,37.161170,2098210),(2175,'SY','Damascus',NULL,33.510200,36.291280,1569394),(2176,'SY','Ar Raqqah',NULL,35.952830,39.007880,531952),(2177,'SY','Latakia',NULL,35.531250,35.790880,709000),(2178,'TD','N\'Djamena',NULL,12.106720,15.044400,1359526),(2179,'TG','Lomé',NULL,6.128740,1.221540,2188376),(2180,'TH','Bangkok',NULL,13.753980,100.501440,5104476),(2181,'TJ','Dushanbe',NULL,38.535750,68.779050,679400),(2182,'TM','Ashgabat',NULL,37.950000,58.383330,1030063),(2183,'TN','Tunis',NULL,36.818970,10.165790,693210),(2184,'TR','Van',NULL,38.494570,43.383230,525016),(2185,'TR','Mersin',NULL,36.811960,34.638860,537842),(2186,'TR','Malatya',NULL,38.350180,38.316670,750491),(2187,'TR','Konya',NULL,37.871350,32.484640,1433861),(2188,'TR','Kayseri',NULL,38.732220,35.485280,1452458),(2189,'TR','İzmir',NULL,38.412730,27.138380,2938292),(2190,'TR','Gaziantep',NULL,37.059440,37.382500,2222415),(2191,'TR','Eskişehir',NULL,39.776670,30.520560,921630),(2192,'TR','Erzurum',NULL,39.908610,41.276940,767848),(2193,'TR','Diyarbakır',NULL,37.913630,40.217210,1833684),(2194,'TR','Antalya',NULL,36.908120,30.695560,1335002),(2195,'TR','Ankara',NULL,39.919870,32.854270,3517182),(2196,'TR','Adana',NULL,36.986150,35.325310,1816750),(2199,'TR','Istanbul',NULL,41.013840,28.949660,15701602),(2201,'TR','Bursa',NULL,40.195590,29.060130,3101833),(2205,'TW','Taipei',NULL,25.053060,121.526390,7871900),(2206,'TW','Tainan',NULL,22.990830,120.213330,1856642),(2207,'TW','Taichung',NULL,24.146900,120.683900,2850285),(2209,'TW','Kaohsiung',NULL,22.616260,120.313330,2737660),(2211,'TZ','Zanzibar',NULL,-6.163940,39.197930,709809),(2212,'TZ','Mwanza',NULL,-2.516670,32.900000,1104521),(2213,'TZ','Mbeya',NULL,-8.900000,33.450000,541603),(2214,'TZ','Dodoma',NULL,-6.172210,35.739470,765179),(2215,'TZ','Dar es Salaam',NULL,-6.823490,39.269510,5383728),(2216,'TZ','Arusha',NULL,-3.366670,36.683330,617631),(2217,'UA','Zaporizhzhya',NULL,47.851670,35.117140,710052),(2218,'UA','Sevastopol',NULL,44.607950,33.521340,547820),(2219,'UA','Odesa',NULL,46.485720,30.743830,1010537),(2220,'UA','Lviv',NULL,49.838260,24.023240,717273),(2221,'UA','Kyiv',NULL,50.454660,30.523800,2952301),(2222,'UA','Kryvyy Rih',NULL,47.905720,33.394040,603904),(2223,'UA','Kharkiv',NULL,49.981770,36.254750,1421125),(2224,'UA','Donetsk',NULL,48.023000,37.802240,901645),(2225,'UA','Dnipro',NULL,48.466640,35.040660,968502),(2226,'UG','Kampala',NULL,0.316280,32.582190,1680600),(2228,'US','Washington',NULL,38.895110,-77.036370,689545),(2229,'US','Jacksonville',NULL,30.332180,-81.655650,1009833),(2230,'US','Atlanta',NULL,33.749000,-84.387980,510823),(2231,'US','Indianapolis',NULL,39.768380,-86.158040,887642),(2232,'US','Louisville',NULL,38.254240,-85.759410,624444),(2233,'US','Baltimore',NULL,39.290380,-76.612190,585708),(2234,'US','Charlotte',NULL,35.227090,-80.843130,911311),(2235,'US','Columbus',NULL,39.961180,-82.998790,913175),(2236,'US','Oklahoma City',NULL,35.467560,-97.516430,681054),(2237,'US','Philadelphia',NULL,39.952380,-75.163620,1573916),(2238,'US','Memphis',NULL,35.149530,-90.048980,633104),(2239,'US','Nashville',NULL,36.165890,-86.784440,689447),(2241,'US','Austin',NULL,30.267150,-97.743060,974447),(2242,'US','Dallas',NULL,32.783060,-96.806670,1326087),(2243,'US','Fort Worth',NULL,32.725410,-97.320850,1008106),(2244,'US','Houston',NULL,29.763280,-95.363270,2314157),(2245,'US','San Antonio',NULL,29.424120,-98.493630,1526656),(2246,'US','Chicago',NULL,41.850030,-87.650050,2664452),(2247,'US','Boston',NULL,42.358430,-71.059770,653833),(2249,'US','Detroit',NULL,42.331430,-83.045750,645705),(2250,'US','The Bronx',NULL,40.849850,-73.866410,1385108),(2253,'US','New York City',NULL,40.714270,-74.005970,8804190),(2254,'US','Queens',NULL,40.681490,-73.836520,2316841),(2255,'US','Milwaukee',NULL,43.038900,-87.906470,563531),(2256,'US','Phoenix',NULL,33.448380,-112.074040,1650070),(2257,'US','Tucson',NULL,32.221740,-110.926480,542629),(2258,'US','Fresno',NULL,36.747730,-119.772370,542107),(2259,'US','Los Angeles',NULL,34.052230,-118.243680,3820914),(2260,'US','Sacramento',NULL,38.581570,-121.494400,524943),(2261,'US','San Diego',NULL,32.715710,-117.164720,1404452),(2262,'US','San Francisco',NULL,37.774930,-122.419420,827526),(2263,'US','San Jose',NULL,37.339390,-121.894960,997368),(2264,'US','Denver',NULL,39.739150,-104.984700,729019),(2265,'US','Albuquerque',NULL,35.084490,-106.651140,564559),(2266,'US','Las Vegas',NULL,36.174970,-115.137220,641903),(2267,'US','El Paso',NULL,31.758720,-106.486930,678815),(2268,'US','Portland',NULL,45.523450,-122.676210,652503),(2269,'US','Seattle',NULL,47.606210,-122.332070,780995),(2270,'UY','Montevideo',NULL,-34.903280,-56.188160,1270737),(2271,'UZ','Samarkand',NULL,39.654560,66.964450,595200),(2272,'UZ','Tashkent',NULL,41.264650,69.216270,1978028),(2273,'UZ','Namangan',NULL,40.998300,71.672570,713220),(2274,'UZ','Andijon',NULL,40.783380,72.350670,747800),(2275,'VE','Valencia',NULL,10.161530,-68.000440,1619470),(2276,'VE','Maracaibo',NULL,10.642320,-71.610890,1752602),(2277,'VE','Ciudad Guayana',NULL,8.351220,-62.641020,978202),(2278,'VE','Caracas',NULL,10.488010,-66.879190,3000000),(2279,'VE','Barquisimeto',NULL,10.064700,-69.357030,1240714),(2280,'VE','Barcelona',NULL,10.138400,-64.687690,815141),(2281,'VE','Maturín',NULL,9.745690,-63.183230,647459),(2282,'VN','Vinh',NULL,18.673370,105.692320,790000),(2284,'VN','Ho Chi Minh City',NULL,10.823020,106.629650,14002598),(2285,'VN','Thanh Hóa',NULL,19.800000,105.766670,850000),(2286,'VN','Qui Nhon',NULL,13.776480,109.223670,519208),(2287,'VN','Nha Trang',NULL,12.245070,109.194320,579000),(2288,'VN','Huế',NULL,16.461900,107.595460,1380000),(2289,'VN','Hanoi',NULL,21.024500,105.841170,8053663),(2290,'VN','Haiphong',NULL,20.864810,106.683450,2625200),(2291,'VN','Da Nang',NULL,16.067780,108.220830,1276000),(2293,'VN','Cần Thơ',NULL,10.037110,105.788250,1507187),(2294,'VN','Biên Hòa',NULL,10.944690,106.824320,1272235),(2296,'VN','Thuận An',NULL,10.923900,106.714280,588616),(2297,'XK','Pristina',NULL,42.672720,21.166880,550000),(2298,'YE','Taiz',NULL,13.579520,44.020910,940600),(2299,'YE','Sanaa',NULL,15.354520,44.206460,1937451),(2300,'YE','Ibb',NULL,13.966670,44.183330,771514),(2301,'YE','Mukalla',NULL,14.542480,49.124240,594951),(2302,'YE','Al Ḩudaydah',NULL,14.797810,42.954520,734699),(2303,'YE','Aden',NULL,12.779570,45.038520,1079670),(2304,'ZA','Thembisa',NULL,-25.996360,28.226800,511655),(2305,'ZA','Soweto',NULL,-26.267810,27.858490,1695047),(2306,'ZA','Soshanguve',NULL,-25.472880,28.099190,872309),(2307,'ZA','Pretoria',NULL,-25.744860,28.187830,2112693),(2308,'ZA','Gqeberha',NULL,-33.961090,25.614940,1050078),(2309,'ZA','Pietermaritzburg',NULL,-29.616790,30.392780,839327),(2310,'ZA','Johannesburg',NULL,-26.202270,28.043630,9418183),(2311,'ZA','Evaton',NULL,-26.533330,27.850000,725468),(2312,'ZA','Durban',NULL,-29.857900,31.029200,3338026),(2313,'ZA','Bloemfontein',NULL,-29.121070,26.214000,556637),(2314,'ZA','Benoni',NULL,-26.188480,28.320780,605344),(2315,'ZA','Cape Town',NULL,-33.925840,18.423220,4772846),(2316,'ZM','Ndola',NULL,-12.958670,28.636590,627503),(2317,'ZM','Lusaka',NULL,-15.406690,28.287130,2212301),(2318,'ZM','Kitwe',NULL,-12.802430,28.213230,665961),(2319,'ZW','Harare',NULL,-17.827720,31.053370,1542813),(2320,'ZW','Bulawayo',NULL,-20.150000,28.583330,665952);

CREATE TABLE `city_chat_messages` (
  `message_id` bigint unsigned NOT NULL AUTO_INCREMENT,
  `city_id` int NOT NULL,
  `sender_name` varchar(50) CHARACTER SET utf8mb4 COLLATE utf8mb4_unicode_ci NOT NULL DEFAULT 'Anonymous',
  `message_text` varchar(1000) CHARACTER SET utf8mb4 COLLATE utf8mb4_unicode_ci NOT NULL,
  `created_at` datetime NOT NULL DEFAULT CURRENT_TIMESTAMP,
  PRIMARY KEY (`message_id`),
  KEY `idx_city_created` (`city_id`,`created_at`,`message_id`),
  CONSTRAINT `fk_city_chat_messages_city` FOREIGN KEY (`city_id`) REFERENCES `cities` (`city_id`) ON DELETE CASCADE
) ENGINE=InnoDB AUTO_INCREMENT=20 DEFAULT CHARSET=utf8mb4 COLLATE=utf8mb4_unicode_ci;



CREATE TABLE `city_translations` (
  `city_id` int NOT NULL,
  `language_code` varchar(10) CHARACTER SET utf8mb4 COLLATE utf8mb4_unicode_ci NOT NULL,
  `city_name` varchar(255) CHARACTER SET utf8mb4 COLLATE utf8mb4_unicode_ci NOT NULL,
  PRIMARY KEY (`city_id`,`language_code`),
  CONSTRAINT `fk_city_translations_city` FOREIGN KEY (`city_id`) REFERENCES `cities` (`city_id`) ON DELETE CASCADE
) ENGINE=InnoDB DEFAULT CHARSET=utf8mb4 COLLATE=utf8mb4_unicode_ci;



INSERT INTO `city_translations` VALUES (1161,'zh','迪拜'),(1162,'zh','沙迦'),(1163,'zh','艾因'),(1164,'zh','阿布扎比'),(1165,'zh','马扎里沙里夫'),(1166,'zh','坎大哈'),(1167,'zh','喀布尔'),(1168,'zh','赫拉特'),(1169,'zh','埃里温'),(1170,'zh','罗安达'),(1171,'zh','卡宾达'),(1172,'zh','卢班戈'),(1173,'zh','万博'),(1174,'zh','本格拉'),(1175,'zh','马德普拉塔'),(1176,'zh','布宜诺斯艾利斯'),(1177,'zh','圣米格尔-德图库曼'),(1178,'zh','萨尔塔'),(1179,'zh','罗萨里奥'),(1180,'zh','科尔多瓦'),(1181,'zh','维也纳'),(1182,'zh','珀斯'),(1183,'zh','阿德莱德'),(1184,'zh','悉尼'),(1185,'zh','纽卡斯尔'),(1186,'zh','墨尔本'),(1187,'zh','黄金海岸'),(1188,'zh','布里斯班'),(1189,'zh','巴库'),(1190,'zh','萨拉热窝'),(1191,'zh','拉杰沙希'),(1192,'zh','库米拉'),(1193,'zh','朗布尔'),(1194,'zh','达卡'),(1195,'zh','穆罕默德布尔'),(1196,'zh','加济布尔'),(1197,'zh','吉大港'),(1198,'zh','库尔纳'),(1199,'zh','帕拉比'),(1201,'zh','布鲁塞尔'),(1202,'zh','安特卫普'),(1203,'zh','瓦加杜古'),(1204,'zh','博博迪乌拉索'),(1205,'zh','索非亚'),(1206,'zh','布琼布拉'),(1207,'zh','科托努'),(1208,'zh','圣克鲁斯-德拉谢拉'),(1209,'zh','拉巴斯'),(1210,'zh','科恰班巴'),(1211,'zh','特雷西纳'),(1212,'zh','圣路易斯'),(1213,'zh','累西腓'),(1214,'zh','纳塔尔'),(1215,'zh','马塞约'),(1216,'zh','马卡帕'),(1217,'zh','若昂佩索阿'),(1218,'zh','雅博阿唐'),(1219,'zh','福塔莱萨'),(1220,'zh','贝伦'),(1221,'zh','乌贝兰迪亚'),(1222,'zh','索罗卡巴'),(1223,'zh','塞拉'),(1224,'zh','圣保罗'),(1225,'zh','圣若泽多斯坎波斯'),(1226,'zh','圣贝尔纳多-杜坎普'),(1228,'zh','萨尔瓦多'),(1229,'zh','里约热内卢'),(1230,'zh','里贝朗普雷图'),(1231,'zh','阿雷格里港'),(1232,'zh','奥萨斯科'),(1233,'zh','新伊瓜苏'),(1234,'zh','隆德里纳'),(1235,'zh','茹伊斯迪福拉'),(1236,'zh','瓜鲁柳斯'),(1237,'zh','戈亚尼亚'),(1238,'zh','弗洛里亚诺波利斯'),(1239,'zh','费拉迪圣安娜'),(1240,'zh','杜克-德卡希亚斯'),(1241,'zh','库里蒂巴'),(1242,'zh','库亚巴'),(1243,'zh','孔塔任'),(1244,'zh','坎普斯-杜斯戈伊塔卡济斯'),(1245,'zh','大坎普'),(1246,'zh','坎皮纳斯'),(1247,'zh','巴西利亚'),(1248,'zh','贝洛奥里藏特'),(1249,'zh','阿拉卡茹'),(1250,'zh','波多韦柳'),(1251,'zh','马瑙斯'),(1252,'zh','戈亚尼亚阿帕雷西达'),(1254,'zh','明斯克'),(1255,'zh','戈梅利'),(1256,'zh','布兰普顿'),(1257,'zh','卡尔加里'),(1258,'zh','埃德蒙顿'),(1259,'zh','汉密尔顿'),(1260,'zh','密西沙加'),(1261,'zh','蒙特利尔'),(1262,'zh','渥太华'),(1263,'zh','素里'),(1264,'zh','多伦多'),(1265,'zh','温哥华'),(1266,'zh','温尼伯'),(1267,'zh','魁北克'),(1268,'zh','奇卡帕'),(1269,'zh','姆布吉马伊'),(1270,'zh','基桑加尼'),(1271,'zh','卡南加'),(1272,'zh','布卡武'),(1273,'zh','卢本巴希'),(1274,'zh','利卡西'),(1275,'zh','科卢韦齐'),(1276,'zh','金沙萨'),(1277,'zh','基奎特'),(1278,'zh','班吉'),(1279,'zh','黑角'),(1280,'zh','布拉柴维尔'),(1281,'zh','布瓦凯'),(1283,'zh','阿比让'),(1284,'zh','圣地亚哥'),(1285,'zh','蓬特阿尔托'),(1286,'zh','迈普'),(1287,'zh','雅温得'),(1288,'zh','杜阿拉'),(1289,'zh','喀什'),(1290,'zh','保山'),(1291,'zh','乌鲁木齐'),(1292,'zh','石河子'),(1293,'zh','库尔勒'),(1294,'zh','阿克苏'),(1295,'zh','遵义'),(1296,'zh','资阳'),(1297,'zh','自贡'),(1298,'zh','株洲'),(1299,'zh','驻马店'),(1300,'zh','商丘'),(1301,'zh','周口'),(1302,'zh','中卫'),(1303,'zh','镇江'),(1304,'zh','郑州'),(1305,'zh','昭通'),(1306,'zh','肇庆'),(1307,'zh','湛江'),(1308,'zh','漳州'),(1309,'zh','张掖'),(1310,'zh','淄博'),(1311,'zh','安阳'),(1313,'zh','枣庄'),(1314,'zh','昆山'),(1315,'zh','云浮'),(1316,'zh','运城'),(1317,'zh','榆林'),(1318,'zh','永州'),(1319,'zh','银川'),(1320,'zh','宜春'),(1321,'zh','宜兴'),(1322,'zh','宜昌'),(1323,'zh','宜宾'),(1324,'zh','烟台'),(1325,'zh','扬州'),(1326,'zh','张家港'),(1327,'zh','阳泉'),(1329,'zh','盐城'),(1330,'zh','雅安'),(1331,'zh','上饶'),(1333,'zh','许昌'),(1334,'zh','宣城'),(1335,'zh','忻州'),(1336,'zh','新余'),(1337,'zh','信阳'),(1338,'zh','新乡'),(1339,'zh','西宁'),(1340,'zh','邢台'),(1341,'zh','安康'),(1342,'zh','孝感'),(1343,'zh','咸阳'),(1344,'zh','咸宁'),(1345,'zh','珠海'),(1346,'zh','湘潭'),(1347,'zh','襄阳'),(1348,'zh','西安'),(1349,'zh','厦门'),(1350,'zh','梧州'),(1351,'zh','吴忠'),(1352,'zh','无锡'),(1353,'zh','常德'),(1354,'zh','芜湖'),(1355,'zh','武汉'),(1356,'zh','温州'),(1357,'zh','文昌'),(1358,'zh','渭南'),(1359,'zh','威海'),(1360,'zh','潍坊'),(1362,'zh','万宁'),(1363,'zh','天水'),(1364,'zh','天津'),(1365,'zh','唐山'),(1366,'zh','塘沽'),(1367,'zh','台州'),(1368,'zh','太原'),(1369,'zh','太仓'),(1370,'zh','泰安'),(1371,'zh','苏州'),(1372,'zh','宿迁'),(1373,'zh','随州'),(1374,'zh','遂宁'),(1375,'zh','松江'),(1376,'zh','十堰'),(1377,'zh','石家庄'),(1378,'zh','深圳'),(1379,'zh','绍兴'),(1380,'zh','韶关'),(1381,'zh','汕头'),(1382,'zh','商洛'),(1384,'zh','上海'),(1385,'zh','三亚'),(1386,'zh','三明'),(1387,'zh','三门峡'),(1388,'zh','三河'),(1389,'zh','长沙'),(1390,'zh','瑞安'),(1391,'zh','揭阳'),(1392,'zh','衢州'),(1393,'zh','曲靖'),(1394,'zh','泉州'),(1395,'zh','钦州'),(1396,'zh','秦皇岛'),(1397,'zh','晋江'),(1398,'zh','青浦'),(1399,'zh','淮安'),(1400,'zh','青岛'),(1401,'zh','清远'),(1402,'zh','濮阳'),(1404,'zh','莆田'),(1406,'zh','萍乡'),(1407,'zh','平凉'),(1408,'zh','平度'),(1409,'zh','平顶山'),(1410,'zh','广安'),(1411,'zh','宁波'),(1412,'zh','内江'),(1413,'zh','南阳'),(1414,'zh','南通'),(1415,'zh','南宁'),(1416,'zh','南京'),(1417,'zh','南充'),(1418,'zh','南昌'),(1419,'zh','闵行'),(1420,'zh','绵阳'),(1421,'zh','梅州'),(1422,'zh','眉山'),(1423,'zh','茂名'),(1424,'zh','马鞍山'),(1425,'zh','泸州'),(1426,'zh','洛阳'),(1427,'zh','漯河'),(1428,'zh','栾城'),(1429,'zh','六安'),(1430,'zh','龙岩'),(1431,'zh','灌口'),(1432,'zh','普宁'),(1433,'zh','柳州'),(1434,'zh','临沂'),(1435,'zh','临汾'),(1436,'zh','聊城'),(1437,'zh','武威'),(1438,'zh','乐山'),(1439,'zh','兰州'),(1440,'zh','廊坊'),(1441,'zh','莱芜'),(1442,'zh','来宾'),(1443,'zh','昆明'),(1444,'zh','开封'),(1445,'zh','九江'),(1446,'zh','济宁'),(1447,'zh','金华'),(1448,'zh','荆州'),(1449,'zh','荆门'),(1451,'zh','济南'),(1452,'zh','嘉兴'),(1453,'zh','焦作'),(1454,'zh','胶州'),(1455,'zh','江门'),(1456,'zh','阳江'),(1457,'zh','吉安'),(1458,'zh','广元'),(1459,'zh','琼海'),(1460,'zh','嘉定'),(1461,'zh','湖州'),(1462,'zh','慈溪'),(1463,'zh','惠州'),(1464,'zh','黄石'),(1465,'zh','淮南'),(1466,'zh','怀化'),(1467,'zh','淮北'),(1469,'zh','菏泽'),(1470,'zh','鹤山'),(1471,'zh','衡阳'),(1472,'zh','衡水'),(1473,'zh','合肥'),(1474,'zh','鹤壁'),(1475,'zh','汉中'),(1476,'zh','杭州'),(1477,'zh','长治'),(1478,'zh','邯郸'),(1479,'zh','海口'),(1480,'zh','古里'),(1481,'zh','贵阳'),(1482,'zh','桂林'),(1483,'zh','贵港'),(1484,'zh','广州'),(1485,'zh','赣州'),(1486,'zh','福州'),(1488,'zh','阜阳'),(1489,'zh','佛山'),(1490,'zh','东营'),(1491,'zh','东莞'),(1492,'zh','德州'),(1493,'zh','德阳'),(1494,'zh','达州'),(1495,'zh','大连'),(1496,'zh','滁州'),(1497,'zh','楚雄'),(1498,'zh','义乌'),(1499,'zh','重庆'),(1500,'zh','池州'),(1501,'zh','郴州'),(1502,'zh','江阴'),(1503,'zh','成都'),(1504,'zh','潮州'),(1505,'zh','常州'),(1509,'zh','沧州'),(1510,'zh','亳州'),(1511,'zh','百色'),(1512,'zh','滨州'),(1513,'zh','毕节'),(1514,'zh','蚌埠'),(1515,'zh','北京'),(1516,'zh','北海'),(1518,'zh','邵阳'),(1519,'zh','保定'),(1520,'zh','上虞'),(1521,'zh','安顺'),(1522,'zh','安庆'),(1524,'zh','舟山'),(1525,'zh','巴南'),(1526,'zh','岳阳'),(1527,'zh','张家口'),(1528,'zh','营口'),(1529,'zh','通化'),(1530,'zh','四平'),(1531,'zh','双鸭山'),(1532,'zh','沈阳'),(1533,'zh','齐齐哈尔'),(1535,'zh','牡丹江'),(1536,'zh','辽阳'),(1537,'zh','锦州'),(1538,'zh','吉林'),(1539,'zh','佳木斯'),(1540,'zh','葫芦岛'),(1541,'zh','呼和浩特'),(1542,'zh','鹤岗'),(1543,'zh','哈尔滨'),(1544,'zh','阜新'),(1545,'zh','抚顺'),(1546,'zh','大同'),(1547,'zh','大庆'),(1548,'zh','丹东'),(1549,'zh','长春'),(1550,'zh','本溪'),(1551,'zh','包头'),(1552,'zh','鞍山'),(1553,'zh','鄂州'),(1554,'zh','攀枝花'),(1555,'zh','中山'),(1556,'zh','常熟'),(1557,'zh','贺州'),(1558,'zh','诸城'),(1560,'zh','乌兰察布'),(1561,'zh','鄂尔多斯'),(1563,'zh','六盘水'),(1564,'zh','日照'),(1566,'zh','徐州'),(1567,'zh','盘锦'),(1568,'zh','连云港'),(1569,'zh','晋中'),(1570,'zh','宝鸡'),(1571,'zh','巴彦淖尔'),(1572,'zh','巴中'),(1573,'zh','石嘴山'),(1574,'zh','万州'),(1575,'zh','庆阳'),(1576,'zh','大兴安岭'),(1577,'zh','绵竹'),(1578,'zh','宝安'),(1580,'zh','蒙自'),(1581,'zh','吕梁'),(1582,'zh','金山'),(1583,'zh','凤翔'),(1584,'zh','崇明'),(1585,'zh','索阿查'),(1586,'zh','麦德林'),(1587,'zh','伊瓦格'),(1588,'zh','库库塔'),(1589,'zh','卡塔赫纳'),(1590,'zh','卡利'),(1591,'zh','布卡拉曼加'),(1592,'zh','波哥大'),(1593,'zh','巴兰基亚'),(1594,'zh','古巴圣地亚哥'),(1595,'zh','哈瓦那'),(1596,'zh','布拉格'),(1597,'zh','斯图加特'),(1598,'zh','纽伦堡'),(1599,'zh','慕尼黑'),(1600,'zh','莱比锡'),(1601,'zh','科隆'),(1602,'zh','汉诺威'),(1603,'zh','汉堡'),(1604,'zh','法兰克福'),(1605,'zh','埃森'),(1606,'zh','杜塞尔多夫'),(1607,'zh','杜伊斯堡'),(1608,'zh','德累斯顿'),(1609,'zh','多特蒙德'),(1610,'zh','不来梅'),(1611,'zh','柏林'),(1612,'zh','吉布提'),(1613,'zh','哥本哈根'),(1614,'zh','圣多明各'),(1615,'zh','圣地亚哥-德洛斯卡瓦耶罗斯'),(1616,'zh','西圣多明各'),(1618,'zh','奥兰'),(1619,'zh','阿尔及尔'),(1620,'zh','基多'),(1621,'zh','瓜亚基尔'),(1622,'zh','昆卡'),(1623,'zh','坦塔'),(1626,'zh','塞得港'),(1627,'zh','艾斯尤特'),(1628,'zh','苏伊士'),(1629,'zh','开罗'),(1630,'zh','曼苏拉'),(1631,'zh','大迈哈莱'),(1633,'zh','亚历山大'),(1634,'zh','法尤姆'),(1635,'zh','阿斯马拉'),(1636,'zh','瓦伦西亚'),(1637,'zh','塞维利亚'),(1638,'zh','马拉加'),(1639,'zh','萨拉戈萨'),(1640,'zh','马德里'),(1641,'zh','巴塞罗那'),(1642,'zh','亚的斯亚贝巴'),(1643,'zh','赫尔辛基'),(1644,'zh','图卢兹'),(1645,'zh','巴黎'),(1646,'zh','马赛'),(1647,'zh','里昂'),(1648,'zh','利伯维尔'),(1649,'zh','谢菲尔德'),(1650,'zh','曼彻斯特'),(1651,'zh','伦敦'),(1652,'zh','利兹'),(1653,'zh','格拉斯哥'),(1654,'zh','爱丁堡'),(1655,'zh','伯明翰'),(1656,'zh','第比利斯'),(1657,'zh','库马西'),(1658,'zh','阿克拉'),(1659,'zh','科纳克里'),(1661,'zh','雅典'),(1662,'zh','新城'),(1663,'zh','危地马拉城'),(1664,'zh','屯门'),(1666,'zh','香港'),(1668,'zh','新界'),(1670,'zh','特古西加尔巴'),(1671,'zh','圣佩德罗苏拉'),(1672,'zh','萨格勒布'),(1673,'zh','太子港'),(1675,'zh','布达佩斯'),(1677,'zh','棉兰'),(1678,'zh','望加锡'),(1679,'zh','打横'),(1680,'zh','班达楠榜'),(1681,'zh','唐格朗'),(1682,'zh','梭罗'),(1683,'zh','泗水'),(1684,'zh','锡图邦多'),(1685,'zh','西冷'),(1686,'zh','三宝垄'),(1687,'zh','三马林达'),(1688,'zh','坤甸'),(1689,'zh','北干巴鲁'),(1690,'zh','巨港'),(1691,'zh','巴东'),(1692,'zh','玛琅'),(1693,'zh','哲帕拉'),(1694,'zh','占碑'),(1695,'zh','雅加达'),(1696,'zh','德波'),(1697,'zh','登巴萨'),(1699,'zh','茂物'),(1700,'zh','勿加泗'),(1701,'zh','马辰'),(1702,'zh','万隆'),(1703,'zh','巴厘巴板'),(1704,'zh','巴淡'),(1705,'zh','南唐格朗'),(1706,'zh','都柏林'),(1707,'zh','耶路撒冷'),(1708,'zh','瓦朗加尔'),(1709,'zh','维沙卡帕特南'),(1710,'zh','维拉尔'),(1711,'zh','维杰亚瓦达'),(1712,'zh','瓦拉纳西'),(1713,'zh','瓦多达拉'),(1715,'zh','乌贾因'),(1716,'zh','特里凡得琅'),(1717,'zh','蒂鲁普尔'),(1718,'zh','蒂鲁内尔维利'),(1719,'zh','蒂鲁吉拉伯利'),(1720,'zh','塔那'),(1721,'zh','泰尼'),(1722,'zh','苏拉特'),(1723,'zh','斯利那加'),(1724,'zh','绍拉布尔'),(1725,'zh','西里古里'),(1726,'zh','桑利'),(1727,'zh','塞勒姆'),(1728,'zh','拉萨普迪帕勒姆'),(1729,'zh','兰契'),(1730,'zh','拉杰果德'),(1731,'zh','赖布尔'),(1732,'zh','浦那'),(1733,'zh','本地治里'),(1735,'zh','巴特那'),(1736,'zh','瑙朗加普尔'),(1737,'zh','内洛尔'),(1738,'zh','纳西克'),(1739,'zh','纳雷拉'),(1740,'zh','南德德'),(1741,'zh','纳贾夫加尔'),(1742,'zh','那格浦尔'),(1743,'zh','迈索尔'),(1744,'zh','莫拉达巴德'),(1745,'zh','密拉特'),(1746,'zh','马杜赖'),(1747,'zh','金奈'),(1748,'zh','卢迪亚纳'),(1749,'zh','勒克瑙'),(1750,'zh','洛尼'),(1751,'zh','科泽科德'),(1752,'zh','哥打'),(1753,'zh','戈尔哈布尔'),(1755,'zh','坎普尔'),(1756,'zh','卡延'),(1757,'zh','贾朗达尔'),(1758,'zh','焦特布尔'),(1759,'zh','詹谢普尔'),(1760,'zh','贾姆讷格尔'),(1761,'zh','查谟'),(1762,'zh','斋浦尔'),(1763,'zh','贾巴尔普尔'),(1764,'zh','印多尔'),(1765,'zh','海得拉巴'),(1766,'zh','胡布利'),(1768,'zh','瓜廖尔'),(1769,'zh','古尔冈'),(1770,'zh','贡土尔'),(1771,'zh','卡拉布拉吉'),(1772,'zh','戈勒克布尔'),(1774,'zh','加济阿巴德'),(1775,'zh','古瓦哈提'),(1776,'zh','法里达巴德'),(1777,'zh','埃罗德'),(1778,'zh','杜尔加布尔'),(1781,'zh','丹巴德'),(1782,'zh','德里'),(1783,'zh','德拉敦'),(1784,'zh','克塔克'),(1785,'zh','哥印拜陀'),(1786,'zh','科钦'),(1787,'zh','昌迪加尔'),(1788,'zh','加尔各答'),(1790,'zh','孟买'),(1791,'zh','博卡罗'),(1792,'zh','比利莫拉'),(1793,'zh','比卡内尔'),(1794,'zh','布巴内斯瓦尔'),(1795,'zh','博帕尔'),(1797,'zh','比莱'),(1798,'zh','巴延达尔'),(1799,'zh','巴夫那加尔'),(1800,'zh','巴雷利'),(1801,'zh','班加罗尔'),(1802,'zh','奥兰加巴德'),(1803,'zh','阿散索尔'),(1804,'zh','阿姆利则'),(1805,'zh','阿姆拉瓦蒂'),(1806,'zh','普拉亚格拉吉'),(1807,'zh','阿里格尔'),(1808,'zh','阿杰梅尔'),(1809,'zh','艾哈迈达巴德'),(1810,'zh','阿格拉'),(1811,'zh','新孟买'),(1813,'zh','平普里-钦奇瓦德'),(1814,'zh','罗希尼'),(1815,'zh','卡拉库里奇'),(1817,'zh','基尔库克'),(1818,'zh','卡尔巴拉'),(1819,'zh','埃尔比勒'),(1820,'zh','巴格达'),(1821,'zh','苏莱曼尼亚'),(1822,'zh','纳西里耶'),(1824,'zh','摩苏尔'),(1825,'zh','巴士拉'),(1826,'zh','阿布格莱布'),(1830,'zh','德黑兰'),(1831,'zh','大不里士'),(1832,'zh','设拉子'),(1833,'zh','拉什特'),(1834,'zh','库姆'),(1835,'zh','奥鲁米耶赫'),(1836,'zh','马什哈德'),(1837,'zh','克尔曼沙阿'),(1838,'zh','克尔曼'),(1839,'zh','卡拉季'),(1840,'zh','哈马丹'),(1841,'zh','阿拉克'),(1842,'zh','阿瓦士'),(1843,'zh','伊斯法罕'),(1844,'zh','扎黑丹'),(1845,'zh','巴勒莫'),(1846,'zh','都灵'),(1847,'zh','罗马'),(1848,'zh','那不勒斯'),(1849,'zh','米兰'),(1850,'zh','热那亚'),(1852,'zh','金斯敦'),(1853,'zh','伊尔比德'),(1854,'zh','扎尔卡'),(1855,'zh','安曼'),(1856,'zh','横滨'),(1857,'zh','宇都宫'),(1858,'zh','东京'),(1859,'zh','静冈'),(1860,'zh','堺市'),(1861,'zh','大阪'),(1862,'zh','冈山'),(1863,'zh','新潟'),(1864,'zh','名古屋'),(1865,'zh','京都'),(1866,'zh','熊本'),(1867,'zh','神户'),(1868,'zh','北九州'),(1869,'zh','川崎'),(1871,'zh','鹿儿岛'),(1873,'zh','广岛'),(1874,'zh','姬路'),(1875,'zh','滨松'),(1877,'zh','本町'),(1878,'zh','福冈'),(1879,'zh','相原'),(1880,'zh','松山'),(1881,'zh','仙台'),(1882,'zh','千叶'),(1883,'zh','札幌'),(1884,'zh','埼玉'),(1891,'zh','杉并'),(1892,'zh','纳库鲁'),(1893,'zh','内罗毕'),(1894,'zh','蒙巴萨'),(1895,'zh','卡卡梅加'),(1896,'zh','比什凯克'),(1897,'zh','金边'),(1898,'zh','茶胶'),(1899,'zh','平壤'),(1900,'zh','咸兴'),(1901,'zh','蔚山'),(1902,'zh','大田'),(1903,'zh','大邱'),(1904,'zh','水原'),(1905,'zh','首尔'),(1906,'zh','釜山'),(1908,'zh','光州'),(1909,'zh','高阳市'),(1910,'zh','金海'),(1911,'zh','仁川'),(1912,'zh','华城市'),(1913,'zh','全州'),(1914,'zh','清州市'),(1915,'zh','天安'),(1916,'zh','昌原'),(1917,'zh','安养市'),(1918,'zh','安山市'),(1919,'zh','城南市'),(1920,'zh','艾哈迈迪'),(1921,'zh','阿克托别'),(1922,'zh','奇姆肯特'),(1923,'zh','阿拉木图'),(1924,'zh','万象'),(1926,'zh','贝鲁特'),(1927,'zh','科伦坡'),(1928,'zh','蒙罗维亚'),(1929,'zh','维尔纽斯'),(1930,'zh','里加'),(1931,'zh','班加西'),(1932,'zh','的黎波里'),(1933,'zh','丹吉尔'),(1935,'zh','拉巴特'),(1936,'zh','乌季达'),(1937,'zh','梅克内斯'),(1938,'zh','马拉喀什'),(1939,'zh','非斯'),(1940,'zh','卡萨布兰卡'),(1941,'zh','阿加迪尔'),(1942,'zh','基希讷乌'),(1943,'zh','塔那那利佛'),(1944,'zh','巴马科'),(1945,'zh','仰光'),(1946,'zh','曼德勒'),(1947,'zh','内比都'),(1948,'zh','莱达雅'),(1949,'zh','乌兰巴托'),(1950,'zh','澳门'),(1951,'zh','努瓦克肖特'),(1952,'zh','利隆圭'),(1953,'zh','布兰太尔'),(1956,'zh','图斯特拉'),(1959,'zh','夸乌蒂特兰伊斯卡利'),(1960,'zh','雷诺萨'),(1961,'zh','普埃布拉'),(1962,'zh','瑙卡尔潘'),(1963,'zh','梅里达'),(1964,'zh','马塔莫罗斯'),(1965,'zh','伊斯塔帕拉帕'),(1966,'zh','埃卡特佩克'),(1969,'zh','墨西哥城'),(1970,'zh','坎昆'),(1971,'zh','阿卡普尔科'),(1973,'zh','萨波潘'),(1974,'zh','托雷翁'),(1976,'zh','蒂华纳'),(1977,'zh','圣路易斯波托西'),(1978,'zh','萨尔蒂约'),(1979,'zh','克雷塔罗'),(1980,'zh','莫雷利亚'),(1981,'zh','蒙特雷'),(1982,'zh','墨西卡利'),(1983,'zh','莱昂'),(1984,'zh','埃莫西约'),(1987,'zh','杜兰戈'),(1988,'zh','库利亚坎'),(1989,'zh','华雷斯城'),(1990,'zh','奇瓦瓦'),(1991,'zh','阿瓜斯卡连特斯'),(1992,'zh','巴西古当'),(1994,'zh','新山'),(1996,'zh','哥打基纳巴卢'),(1997,'zh','怡保'),(1998,'zh','马六甲'),(2000,'zh','吉隆坡'),(2001,'zh','关丹'),(2002,'zh','双溪大年'),(2003,'zh','哥打巴鲁'),(2005,'zh','瓜拉姆达'),(2006,'zh','北士拉央巴鲁'),(2008,'zh','依斯干达公主城'),(2009,'zh','蒲莱区'),(2011,'zh','楠普拉'),(2012,'zh','马托拉'),(2013,'zh','马普托'),(2014,'zh','贝拉'),(2015,'zh','尼亚美'),(2016,'zh','扎里亚'),(2017,'zh','瓦里'),(2018,'zh','索科托'),(2019,'zh','哈科特港'),(2020,'zh','奥约'),(2021,'zh','奥韦里'),(2022,'zh','奥绍博'),(2023,'zh','奥尼查'),(2024,'zh','迈杜古里'),(2025,'zh','拉各斯'),(2026,'zh','卡齐纳'),(2027,'zh','卡诺'),(2028,'zh','卡杜纳'),(2029,'zh','乔斯'),(2030,'zh','伊洛林'),(2031,'zh','伊费'),(2032,'zh','伊巴丹'),(2033,'zh','贡贝'),(2034,'zh','埃努古'),(2035,'zh','埃布特-伊科罗杜'),(2036,'zh','卡拉巴尔'),(2037,'zh','贝宁市'),(2038,'zh','包奇'),(2039,'zh','阿库雷'),(2040,'zh','阿布贾'),(2041,'zh','阿贝奥库塔'),(2042,'zh','阿巴'),(2044,'zh','马那瓜'),(2045,'zh','鹿特丹'),(2046,'zh','阿姆斯特丹'),(2047,'zh','奥斯陆'),(2048,'zh','博卡拉'),(2049,'zh','加德满都'),(2050,'zh','奥克兰'),(2051,'zh','马斯喀特'),(2052,'zh','特鲁希略'),(2053,'zh','奇克拉约'),(2054,'zh','利马'),(2055,'zh','卡亚俄'),(2056,'zh','阿雷基帕'),(2057,'zh','三宝颜'),(2060,'zh','奎松市'),(2065,'zh','桑托斯将军城'),(2066,'zh','达沃'),(2067,'zh','宿务市'),(2069,'zh','卡兰巴'),(2070,'zh','卡加延德奥罗'),(2071,'zh','布德塔'),(2075,'zh','苏库尔'),(2076,'zh','锡亚尔科特'),(2077,'zh','谢胡布尔'),(2078,'zh','萨戈达'),(2079,'zh','萨希瓦尔'),(2080,'zh','拉瓦尔品第'),(2081,'zh','拉希姆亚尔汗'),(2082,'zh','奎达'),(2083,'zh','白沙瓦'),(2084,'zh','奥卡拉'),(2085,'zh','穆扎法拉巴德'),(2086,'zh','木尔坦'),(2087,'zh','拉合尔'),(2088,'zh','卡苏尔'),(2089,'zh','卡拉奇'),(2090,'zh','伊斯兰堡'),(2091,'zh','海得拉巴'),(2092,'zh','古杰拉特'),(2093,'zh','古杰兰瓦拉'),(2094,'zh','费萨拉巴德'),(2095,'zh','德拉伊斯梅尔汗'),(2096,'zh','巴塔格拉姆'),(2097,'zh','班努'),(2098,'zh','巴哈瓦尔布尔'),(2099,'zh','华沙'),(2100,'zh','弗罗茨瓦夫'),(2101,'zh','波兹南'),(2102,'zh','罗兹'),(2103,'zh','克拉科夫'),(2104,'zh','里斯本'),(2105,'zh','亚松森'),(2106,'zh','布加勒斯特'),(2107,'zh','贝尔格莱德'),(2108,'zh','雅罗斯拉夫尔'),(2109,'zh','沃罗涅日'),(2110,'zh','伏尔加格勒'),(2111,'zh','乌里扬诺夫斯克'),(2112,'zh','乌法'),(2113,'zh','陶里亚蒂'),(2114,'zh','萨拉托夫'),(2115,'zh','圣彼得堡'),(2116,'zh','萨马拉'),(2117,'zh','梁赞'),(2118,'zh','顿河畔罗斯托夫'),(2119,'zh','彼尔姆'),(2120,'zh','奔萨'),(2121,'zh','奥伦堡'),(2122,'zh','下诺夫哥罗德'),(2123,'zh','纳别列日内切尔尼'),(2124,'zh','莫斯科'),(2125,'zh','马哈奇卡拉'),(2126,'zh','利佩茨克'),(2127,'zh','克拉斯诺达尔'),(2128,'zh','基洛夫'),(2129,'zh','喀山'),(2130,'zh','伊热夫斯克'),(2131,'zh','阿斯特拉罕'),(2132,'zh','叶卡捷琳堡'),(2133,'zh','秋明'),(2134,'zh','托木斯克'),(2135,'zh','鄂木斯克'),(2136,'zh','新西伯利亚'),(2137,'zh','新库兹涅茨克'),(2138,'zh','克拉斯诺亚尔斯克'),(2139,'zh','克麦罗沃'),(2140,'zh','车里雅宾斯克'),(2141,'zh','巴尔瑙尔'),(2142,'zh','符拉迪沃斯托克'),(2143,'zh','哈巴罗夫斯克'),(2144,'zh','伊尔库茨克'),(2147,'zh','基加利'),(2148,'zh','塔布克'),(2150,'zh','纳季兰'),(2151,'zh','麦加'),(2152,'zh','吉达'),(2153,'zh','哈伊尔'),(2154,'zh','布赖代'),(2155,'zh','塔伊夫'),(2156,'zh','利雅得'),(2157,'zh','麦地那'),(2158,'zh','达曼'),(2159,'zh','恩图曼'),(2160,'zh','尼亚拉'),(2162,'zh','喀土穆'),(2163,'zh','斯德哥尔摩'),(2164,'zh','哥德堡'),(2165,'zh','新加坡'),(2166,'zh','弗里敦'),(2167,'zh','图巴'),(2169,'zh','达喀尔'),(2170,'zh','摩加迪沙'),(2171,'zh','博拉马'),(2172,'zh','圣萨尔瓦多'),(2173,'zh','霍姆斯'),(2174,'zh','阿勒颇'),(2175,'zh','大马士革'),(2176,'zh','拉卡'),(2177,'zh','拉塔基亚'),(2178,'zh','恩贾梅纳'),(2179,'zh','洛美'),(2180,'zh','曼谷'),(2181,'zh','杜尚别'),(2182,'zh','阿什哈巴德'),(2183,'zh','突尼斯'),(2184,'zh','凡城'),(2185,'zh','梅尔辛'),(2186,'zh','马拉蒂亚'),(2187,'zh','科尼亚'),(2188,'zh','开塞利'),(2189,'zh','伊兹密尔'),(2190,'zh','加济安泰普'),(2191,'zh','埃斯基谢希尔'),(2192,'zh','埃尔祖鲁姆'),(2193,'zh','迪亚巴克尔'),(2194,'zh','安塔利亚'),(2195,'zh','安卡拉'),(2196,'zh','阿达纳'),(2199,'zh','伊斯坦布尔'),(2201,'zh','布尔萨'),(2205,'zh','台北'),(2206,'zh','台南'),(2207,'zh','台中'),(2209,'zh','高雄'),(2211,'zh','桑给巴尔'),(2212,'zh','姆万扎'),(2213,'zh','姆贝亚'),(2214,'zh','多多马'),(2215,'zh','达累斯萨拉姆'),(2216,'zh','阿鲁沙'),(2217,'zh','扎波罗热'),(2218,'zh','塞瓦斯托波尔'),(2219,'zh','敖德萨'),(2220,'zh','利沃夫'),(2221,'zh','基辅'),(2222,'zh','克里维里赫'),(2223,'zh','哈尔科夫'),(2224,'zh','顿涅茨克'),(2225,'zh','第聂伯罗'),(2226,'zh','坎帕拉'),(2228,'zh','华盛顿'),(2229,'zh','杰克逊维尔'),(2230,'zh','亚特兰大'),(2231,'zh','印第安纳波利斯'),(2232,'zh','路易维尔'),(2233,'zh','巴尔的摩'),(2234,'zh','夏洛特'),(2235,'zh','哥伦布'),(2236,'zh','俄克拉荷马城'),(2237,'zh','费城'),(2238,'zh','孟菲斯'),(2239,'zh','纳什维尔'),(2241,'zh','奥斯汀'),(2242,'zh','达拉斯'),(2243,'zh','沃思堡'),(2244,'zh','休斯敦'),(2245,'zh','圣安东尼奥'),(2246,'zh','芝加哥'),(2247,'zh','波士顿'),(2249,'zh','底特律'),(2250,'zh','布朗克斯'),(2253,'zh','纽约市'),(2254,'zh','皇后区'),(2255,'zh','密尔沃基'),(2256,'zh','凤凰城'),(2257,'zh','图森'),(2258,'zh','弗雷斯诺'),(2259,'zh','洛杉矶'),(2260,'zh','萨克拉门托'),(2261,'zh','圣迭戈'),(2262,'zh','旧金山'),(2263,'zh','圣何塞'),(2264,'zh','丹佛'),(2265,'zh','阿尔伯克基'),(2266,'zh','拉斯维加斯'),(2267,'zh','埃尔帕索'),(2268,'zh','波特兰'),(2269,'zh','西雅图'),(2270,'zh','蒙得维的亚'),(2271,'zh','撒马尔罕'),(2272,'zh','塔什干'),(2273,'zh','纳曼干'),(2274,'zh','安集延'),(2275,'zh','瓦伦西亚'),(2276,'zh','马拉开波'),(2277,'zh','圭亚那城'),(2278,'zh','加拉加斯'),(2279,'zh','巴基西梅托'),(2280,'zh','巴塞罗那'),(2281,'zh','马图林'),(2282,'zh','荣市'),(2284,'zh','胡志明市'),(2285,'zh','清化'),(2286,'zh','归仁'),(2287,'zh','芽庄'),(2288,'zh','顺化'),(2289,'zh','河内'),(2290,'zh','海防'),(2291,'zh','岘港'),(2293,'zh','芹苴'),(2294,'zh','边和'),(2296,'zh','顺安'),(2297,'zh','普里什蒂纳'),(2298,'zh','塔伊兹'),(2299,'zh','萨那'),(2300,'zh','伊卜'),(2301,'zh','穆卡拉'),(2302,'zh','荷台达'),(2303,'zh','亚丁'),(2304,'zh','滕比萨'),(2305,'zh','索韦托'),(2306,'zh','索尚古韦'),(2307,'zh','比勒陀利亚'),(2308,'zh','格贝哈'),(2309,'zh','彼得马里茨堡'),(2310,'zh','约翰内斯堡'),(2311,'zh','埃瓦顿'),(2312,'zh','德班'),(2313,'zh','布隆方丹'),(2314,'zh','贝诺尼'),(2315,'zh','开普敦'),(2316,'zh','恩多拉'),(2317,'zh','卢萨卡'),(2318,'zh','基特韦'),(2319,'zh','哈拉雷'),(2320,'zh','布拉瓦约');


CREATE TABLE `countries` (
  `country_code` char(2) NOT NULL,
  `country_name` varchar(100) NOT NULL,
  `country_desc` text,
  `latitude` decimal(9,6) DEFAULT NULL,
  `longitude` decimal(9,6) DEFAULT NULL,
  PRIMARY KEY (`country_code`)
) ENGINE=InnoDB DEFAULT CHARSET=utf8mb4 COLLATE=utf8mb4_0900_ai_ci;

INSERT INTO `countries` VALUES ('AD','Andorra',NULL,42.536500,1.552300),('AE','United Arab Emirates',NULL,25.064400,55.369300),('AF','Afghanistan',NULL,34.629500,67.538900),('AG','Antigua and Barbuda',NULL,17.112200,-61.805600),('AI','Anguilla',NULL,18.210400,-63.057200),('AL','Albania',NULL,41.065000,20.004200),('AM','Armenia',NULL,40.354000,44.591100),('AO','Angola',NULL,-10.468400,15.301100),('AQ','Antarctica',NULL,NULL,NULL),('AR','Argentina',NULL,-32.166100,-62.483500),('AS','American Samoa',NULL,-14.189000,-170.612400),('AT','Austria',NULL,47.635500,14.431700),('AU','Australia',NULL,-32.124800,144.074300),('AW','Aruba',NULL,12.522800,-69.998300),('AX','Åland Islands',NULL,60.196900,20.184000),('AZ','Azerbaijan',NULL,40.303700,47.778300),('BA','Bosnia and Herzegovina',NULL,44.373100,17.812300),('BB','Barbados',NULL,13.182800,-59.572000),('BD','Bangladesh',NULL,23.691900,90.241800),('BE','Belgium',NULL,50.684600,4.551100),('BF','Burkina Faso',NULL,12.316800,-1.663000),('BG','Bulgaria',NULL,42.792400,25.158900),('BH','Bahrain',NULL,26.181900,50.568500),('BI','Burundi',NULL,-3.365300,29.768400),('BJ','Benin',NULL,8.095000,2.226800),('BL','Saint Barthélemy',NULL,17.896200,-62.849800),('BM','Bermuda',NULL,32.308600,-64.780200),('BN','Brunei Darussalam',NULL,4.834200,114.795200),('BO','Bolivia, Plurinational State of',NULL,-17.933100,-65.349800),('BQ','Bonaire, Sint Eustatius and Saba',NULL,14.320300,-66.212000),('BR','Brazil',NULL,-16.474100,-46.292600),('BS','Bahamas',NULL,24.758400,-76.517300),('BT','Bhutan',NULL,27.257100,90.377400),('BV','Bouvet Island',NULL,NULL,NULL),('BW','Botswana',NULL,-22.968500,25.674800),('BY','Belarus',NULL,53.631100,27.838900),('BZ','Belize',NULL,17.360000,-88.643600),('CA','Canada',NULL,48.456600,-90.710500),('CC','Cocos (Keeling) Islands',NULL,-12.156800,96.822500),('CD','Congo, The Democratic Republic of the',NULL,-3.380200,23.522500),('CF','Central African Republic',NULL,5.681900,19.066300),('CG','Congo',NULL,-2.015900,14.647800),('CH','Switzerland',NULL,47.066500,8.119900),('CI','Côte d\'Ivoire',NULL,7.363100,-5.623200),('CK','Cook Islands',NULL,-21.216000,-159.754400),('CL','Chile',NULL,-34.859000,-71.835700),('CM','Cameroon',NULL,5.704100,11.524900),('CN','China',NULL,31.905800,112.941500),('CO','Colombia',NULL,5.668100,-74.738600),('CR','Costa Rica',NULL,9.970400,-84.221800),('CU','Cuba',NULL,22.076600,-79.921300),('CV','Cabo Verde',NULL,15.753700,-23.987800),('CW','Curaçao',NULL,12.183600,-68.978600),('CX','Christmas Island',NULL,-10.421700,105.679100),('CY','Cyprus',NULL,34.955000,33.181400),('CZ','Czechia',NULL,49.751900,15.688900),('DE','Germany',NULL,50.910500,9.953500),('DJ','Djibouti',NULL,11.599800,42.770700),('DK','Denmark',NULL,55.845100,10.671700),('DM','Dominica',NULL,15.416600,-61.359200),('DO','Dominican Republic',NULL,18.937800,-70.555800),('DZ','Algeria',NULL,34.844700,3.277500),('EC','Ecuador',NULL,-1.478700,-79.103900),('EE','Estonia',NULL,58.803600,25.520400),('EG','Egypt',NULL,29.312800,31.436200),('EH','Western Sahara',NULL,25.195000,-13.459200),('ER','Eritrea',NULL,14.946200,38.881500),('ES','Spain',NULL,40.541300,-3.226400),('ET','Ethiopia',NULL,9.149400,38.904700),('FI','Finland',NULL,61.774400,24.862900),('FJ','Fiji',NULL,-17.373500,155.855300),('FK','Falkland Islands (Malvinas)',NULL,-51.693800,-57.857000),('FM','Micronesia, Federated States of',NULL,6.912600,151.785400),('FO','Faroe Islands',NULL,62.010300,-6.818600),('FR','France',NULL,47.035500,2.495600),('GA','Gabon',NULL,-0.841600,11.676900),('GB','United Kingdom',NULL,52.826100,-1.800500),('GD','Grenada',NULL,12.177900,-61.655700),('GE','Georgia',NULL,42.283100,42.682600),('GF','French Guiana',NULL,4.913300,-52.977000),('GG','Guernsey',NULL,49.475800,-2.533400),('GH','Ghana',NULL,6.695900,-1.012600),('GI','Gibraltar',NULL,36.134200,-5.350600),('GL','Greenland',NULL,66.681700,-51.281100),('GM','Gambia',NULL,13.434700,-15.572200),('GN','Guinea',NULL,10.613500,-11.279200),('GP','Guadeloupe',NULL,16.182000,-61.561100),('GQ','Equatorial Guinea',NULL,1.867300,9.743000),('GR','Greece',NULL,38.990700,23.005100),('GS','South Georgia and the South Sandwich Islands',NULL,-54.281100,-36.509200),('GT','Guatemala',NULL,14.919300,-90.850600),('GU','Guam',NULL,13.442200,144.762700),('GW','Guinea-Bissau',NULL,11.968000,-15.253500),('GY','Guyana',NULL,6.359700,-58.168600),('HK','Hong Kong, China',NULL,22.325100,114.165600),('HM','Heard Island and McDonald Islands',NULL,NULL,NULL),('HN','Honduras',NULL,14.814100,-87.517800),('HR','Croatia',NULL,45.215000,16.442200),('HT','Haiti',NULL,18.980300,-72.749900),('HU','Hungary',NULL,47.295500,19.474400),('ID','Indonesia',NULL,-6.867700,112.923300),('IE','Ireland',NULL,53.143000,-7.584100),('IL','Israel',NULL,32.256200,35.056300),('IM','Isle of Man',NULL,54.215300,-4.544800),('IN','India',NULL,20.426500,79.192400),('IO','British Indian Ocean Territory',NULL,-7.274900,72.378800),('IQ','Iraq',NULL,34.333900,44.556000),('IR','Iran, Islamic Republic of',NULL,34.581900,51.062500),('IS','Iceland',NULL,64.709100,-20.189100),('IT','Italy',NULL,43.441200,11.676700),('JE','Jersey',NULL,49.209000,-2.099500),('JM','Jamaica',NULL,18.145600,-77.243100),('JO','Jordan',NULL,31.875700,35.889500),('JP','Japan',NULL,35.897300,137.123000),('KE','Kenya',NULL,-0.611400,36.727400),('KG','Kyrgyzstan',NULL,41.335100,73.387600),('KH','Cambodia',NULL,12.352400,104.946600),('KI','Kiribati',NULL,0.968200,128.895300),('KM','Comoros',NULL,-11.935600,43.786200),('KN','Saint Kitts and Nevis',NULL,17.295600,-62.730100),('KP','Korea, Democratic People\'s Republic of',NULL,40.172300,127.229700),('KR','Korea, Republic of',NULL,36.084900,127.438400),('KW','Kuwait',NULL,29.262300,48.032900),('KY','Cayman Islands',NULL,19.389200,-81.040800),('KZ','Kazakhstan',NULL,48.386600,69.217100),('LA','Lao People\'s Democratic Republic',NULL,18.056000,104.055000),('LB','Lebanon',NULL,33.776600,35.705900),('LC','Saint Lucia',NULL,13.924000,-60.963300),('LI','Liechtenstein',NULL,47.177900,9.526600),('LK','Sri Lanka',NULL,7.151400,80.456000),('LR','Liberia',NULL,6.473200,-9.261900),('LS','Lesotho',NULL,-29.558700,27.948800),('LT','Lithuania',NULL,55.173000,23.865200),('LU','Luxembourg',NULL,49.685900,6.120400),('LV','Latvia',NULL,56.900000,24.457400),('LY','Libya',NULL,30.866900,16.006000),('MA','Morocco',NULL,32.853200,-6.367600),('MC','Monaco',NULL,43.737700,7.423600),('MD','Moldova, Republic of',NULL,47.102200,28.670300),('ME','Montenegro',NULL,42.541400,19.128200),('MF','Saint Martin (French part)',NULL,18.070700,-63.065500),('MG','Madagascar',NULL,-19.251100,47.328800),('MH','Marshall Islands',NULL,8.295800,168.892700),('MK','North Macedonia',NULL,41.621000,21.499200),('ML','Mali',NULL,13.950500,-5.606200),('MM','Myanmar',NULL,18.176100,96.235100),('MN','Mongolia',NULL,47.479100,102.473500),('MO','Macao, China',NULL,22.152500,113.556800),('MP','Northern Mariana Islands',NULL,14.990400,145.618500),('MQ','Martinique',NULL,14.662400,-61.012000),('MR','Mauritania',NULL,17.292000,-12.562600),('MS','Montserrat',NULL,16.766000,-62.206100),('MT','Malta',NULL,35.918800,14.427100),('MU','Mauritius',NULL,-20.098000,57.701600),('MV','Maldives',NULL,3.155500,73.287100),('MW','Malawi',NULL,-13.997700,34.519000),('MX','Mexico',NULL,20.075800,-99.074700),('MY','Malaysia',NULL,3.840700,103.403600),('MZ','Mozambique',NULL,-18.982700,35.722200),('NA','Namibia',NULL,NULL,NULL),('NC','New Caledonia',NULL,-21.765100,166.071500),('NE','Niger',NULL,14.447900,6.314600),('NF','Norfolk Island',NULL,-29.054600,167.966300),('NG','Nigeria',NULL,8.761300,7.415200),('NI','Nicaragua',NULL,12.595800,-85.861300),('NL','Netherlands',NULL,52.103000,5.520300),('NO','Norway',NULL,61.939600,10.224100),('NP','Nepal',NULL,27.973900,84.230900),('NR','Nauru',NULL,-0.524600,166.931400),('NU','Niue',NULL,-19.052900,-169.919600),('NZ','New Zealand',NULL,-40.436000,173.374200),('OM','Oman',NULL,23.262600,57.127600),('PA','Panama',NULL,8.482800,-80.728400),('PE','Peru',NULL,-10.660000,-75.599400),('PF','French Polynesia',NULL,-17.480700,-148.627500),('PG','Papua New Guinea',NULL,-6.244300,147.048900),('PH','Philippines',NULL,11.898000,122.730100),('PK','Pakistan',NULL,30.556500,71.263000),('PL','Poland',NULL,51.473300,19.434000),('PM','Saint Pierre and Miquelon',NULL,46.938300,-56.279300),('PN','Pitcairn',NULL,-25.066000,-130.101500),('PR','Puerto Rico',NULL,18.232200,-66.384500),('PS','Palestine, State of',NULL,31.968300,35.129700),('PT','Portugal',NULL,39.552100,-9.866800),('PW','Palau',NULL,7.193900,134.310900),('PY','Paraguay',NULL,-25.314000,-56.649600),('QA','Qatar',NULL,25.372300,51.412400),('RE','Réunion',NULL,-21.118900,55.498800),('RO','Romania',NULL,45.831500,25.080500),('RS','Serbia',NULL,44.681900,20.435900),('RU','Russian Federation',NULL,53.626800,57.822500),('RW','Rwanda',NULL,-2.059800,29.624000),('SA','Saudi Arabia',NULL,24.381200,44.286200),('SB','Solomon Islands',NULL,-9.170200,159.789400),('SC','Seychelles',NULL,-4.605900,55.514900),('SD','Sudan',NULL,14.377100,31.451300),('SE','Sweden',NULL,59.090400,15.366600),('SG','Singapore',NULL,1.340300,103.830800),('SH','Saint Helena, Ascension and Tristan da Cunha',NULL,-18.125300,-8.262000),('SI','Slovenia',NULL,46.215500,14.956000),('SJ','Svalbard and Jan Mayen',NULL,74.572700,3.464100),('SK','Slovakia',NULL,48.664800,18.912700),('SL','Sierra Leone',NULL,8.353500,-11.814700),('SM','San Marino',NULL,43.941900,12.463300),('SN','Senegal',NULL,14.542600,-15.526300),('SO','Somalia',NULL,6.059300,45.416900),('SR','Suriname',NULL,5.691000,-55.382200),('SS','South Sudan',NULL,6.998200,29.542700),('ST','Sao Tome and Principe',NULL,0.320100,6.686500),('SV','El Salvador',NULL,13.694900,-88.927800),('SX','Sint Maarten (Dutch part)',NULL,18.037400,-63.063800),('SY','Syrian Arab Republic',NULL,34.930400,37.077100),('SZ','Eswatini',NULL,-26.496500,31.420400),('TC','Turks and Caicos Islands',NULL,21.736100,-71.907500),('TD','Chad',NULL,12.085300,17.464700),('TF','French Southern Territories',NULL,-49.349200,70.219400),('TG','Togo',NULL,8.230200,0.974700),('TH','Thailand',NULL,14.301300,101.200000),('TJ','Tajikistan',NULL,38.780100,69.457900),('TK','Tokelau',NULL,-9.042600,-171.870200),('TL','Timor-Leste',NULL,-8.776800,125.729200),('TM','Turkmenistan',NULL,38.741600,59.524500),('TN','Tunisia',NULL,35.641600,10.019200),('TO','Tonga',NULL,-20.626800,-174.946500),('TR','Türkiye',NULL,38.660300,34.645200),('TT','Trinidad and Tobago',NULL,10.474000,-61.397300),('TV','Tuvalu',NULL,-7.812800,178.471600),('TW','Taiwan, Province of China',NULL,24.156200,120.676100),('TZ','Tanzania, United Republic of',NULL,-5.858900,35.551600),('UA','Ukraine',NULL,48.359000,30.980900),('UG','Uganda',NULL,0.812400,32.071200),('UM','United States Minor Outlying Islands',NULL,NULL,NULL),('US','United States',NULL,38.548500,-90.537100),('UY','Uruguay',NULL,-33.484500,-56.206100),('UZ','Uzbekistan',NULL,40.604500,67.226200),('VA','Holy See (Vatican City State)',NULL,41.902700,12.454100),('VC','Saint Vincent and the Grenadines',NULL,13.182300,-61.207100),('VE','Venezuela, Bolivarian Republic of',NULL,9.402000,-68.245000),('VG','Virgin Islands, British',NULL,18.437500,-64.527800),('VI','Virgin Islands, U.S.',NULL,18.110700,-64.825900),('VN','Viet Nam',NULL,16.544100,106.314500),('VU','Vanuatu',NULL,-16.208800,167.754600),('WF','Wallis and Futuna',NULL,-13.547700,-176.673200),('WS','Samoa',NULL,-13.804800,-171.964300),('XK','Kosovo',NULL,42.532100,20.783800),('YE','Yemen',NULL,14.896600,45.163000),('YT','Mayotte',NULL,-12.825700,45.152400),('ZA','South Africa',NULL,-28.539200,27.287900),('ZM','Zambia',NULL,-13.550400,28.122400),('ZW','Zimbabwe',NULL,-18.494100,30.354600);


CREATE TABLE `country_translations` (
  `country_code` char(2) NOT NULL,
  `language_code` varchar(10) NOT NULL,
  `country_name` varchar(255) NOT NULL,
  PRIMARY KEY (`country_code`,`language_code`),
  CONSTRAINT `fk_country_translations_country` FOREIGN KEY (`country_code`) REFERENCES `countries` (`country_code`) ON DELETE CASCADE
) ENGINE=InnoDB DEFAULT CHARSET=utf8mb4 COLLATE=utf8mb4_0900_ai_ci;


INSERT INTO `country_translations` VALUES ('AD','zh','安道尔'),('AE','zh','阿拉伯联合酋长国'),('AF','zh','阿富汗'),('AG','zh','安提瓜和巴布达'),('AI','zh','安圭拉'),('AL','zh','阿尔巴尼亚'),('AM','zh','亚美尼亚'),('AO','zh','安哥拉'),('AQ','zh','南极洲'),('AR','zh','阿根廷'),('AS','zh','美属萨摩亚'),('AT','zh','奥地利'),('AU','zh','澳大利亚'),('AW','zh','阿鲁巴'),('AX','zh','奥兰群岛'),('AZ','zh','阿塞拜疆'),('BA','zh','波斯尼亚和黑塞哥维那'),('BB','zh','巴巴多斯'),('BD','zh','孟加拉国'),('BE','zh','比利时'),('BF','zh','布基纳法索'),('BG','zh','保加利亚'),('BH','zh','巴林'),('BI','zh','布隆迪'),('BJ','zh','贝宁'),('BL','zh','圣巴泰勒米'),('BM','zh','百慕大'),('BN','zh','文莱'),('BO','zh','玻利维亚'),('BQ','zh','荷属加勒比区'),('BR','zh','巴西'),('BS','zh','巴哈马'),('BT','zh','不丹'),('BV','zh','布韦岛'),('BW','zh','博茨瓦纳'),('BY','zh','白俄罗斯'),('BZ','zh','伯利兹'),('CA','zh','加拿大'),('CC','zh','科科斯（基林）群岛'),('CD','zh','刚果（金）'),('CF','zh','中非共和国'),('CG','zh','刚果（布）'),('CH','zh','瑞士'),('CI','zh','科特迪瓦'),('CK','zh','库克群岛'),('CL','zh','智利'),('CM','zh','喀麦隆'),('CN','zh','中国大陆'),('CO','zh','哥伦比亚'),('CR','zh','哥斯达黎加'),('CU','zh','古巴'),('CV','zh','佛得角'),('CW','zh','库拉索'),('CX','zh','圣诞岛'),('CY','zh','塞浦路斯'),('CZ','zh','捷克'),('DE','zh','德国'),('DJ','zh','吉布提'),('DK','zh','丹麦'),('DM','zh','多米尼克'),('DO','zh','多米尼加共和国'),('DZ','zh','阿尔及利亚'),('EC','zh','厄瓜多尔'),('EE','zh','爱沙尼亚'),('EG','zh','埃及'),('EH','zh','西撒哈拉'),('ER','zh','厄立特里亚'),('ES','zh','西班牙'),('ET','zh','埃塞俄比亚'),('FI','zh','芬兰'),('FJ','zh','斐济'),('FK','zh','福克兰群岛'),('FM','zh','密克罗尼西亚'),('FO','zh','法罗群岛'),('FR','zh','法国'),('GA','zh','加蓬'),('GB','zh','英国'),('GD','zh','格林纳达'),('GE','zh','格鲁吉亚'),('GF','zh','法属圭亚那'),('GG','zh','根西岛'),('GH','zh','加纳'),('GI','zh','直布罗陀'),('GL','zh','格陵兰'),('GM','zh','冈比亚'),('GN','zh','几内亚'),('GP','zh','瓜德罗普'),('GQ','zh','赤道几内亚'),('GR','zh','希腊'),('GS','zh','南乔治亚和南桑威奇群岛'),('GT','zh','危地马拉'),('GU','zh','关岛'),('GW','zh','几内亚比绍'),('GY','zh','圭亚那'),('HK','zh','中国香港特别行政区'),('HM','zh','赫德岛和麦克唐纳群岛'),('HN','zh','洪都拉斯'),('HR','zh','克罗地亚'),('HT','zh','海地'),('HU','zh','匈牙利'),('ID','zh','印度尼西亚'),('IE','zh','爱尔兰'),('IL','zh','以色列'),('IM','zh','马恩岛'),('IN','zh','印度'),('IO','zh','英属印度洋领地'),('IQ','zh','伊拉克'),('IR','zh','伊朗'),('IS','zh','冰岛'),('IT','zh','意大利'),('JE','zh','泽西岛'),('JM','zh','牙买加'),('JO','zh','约旦'),('JP','zh','日本'),('KE','zh','肯尼亚'),('KG','zh','吉尔吉斯斯坦'),('KH','zh','柬埔寨'),('KI','zh','基里巴斯'),('KM','zh','科摩罗'),('KN','zh','圣基茨和尼维斯'),('KP','zh','朝鲜'),('KR','zh','韩国'),('KW','zh','科威特'),('KY','zh','开曼群岛'),('KZ','zh','哈萨克斯坦'),('LA','zh','老挝'),('LB','zh','黎巴嫩'),('LC','zh','圣卢西亚'),('LI','zh','列支敦士登'),('LK','zh','斯里兰卡'),('LR','zh','利比里亚'),('LS','zh','莱索托'),('LT','zh','立陶宛'),('LU','zh','卢森堡'),('LV','zh','拉脱维亚'),('LY','zh','利比亚'),('MA','zh','摩洛哥'),('MC','zh','摩纳哥'),('MD','zh','摩尔多瓦'),('ME','zh','黑山'),('MF','zh','法属圣马丁'),('MG','zh','马达加斯加'),('MH','zh','马绍尔群岛'),('MK','zh','北马其顿'),('ML','zh','马里'),('MM','zh','缅甸'),('MN','zh','蒙古'),('MO','zh','中国澳门特别行政区'),('MP','zh','北马里亚纳群岛'),('MQ','zh','马提尼克'),('MR','zh','毛里塔尼亚'),('MS','zh','蒙特塞拉特'),('MT','zh','马耳他'),('MU','zh','毛里求斯'),('MV','zh','马尔代夫'),('MW','zh','马拉维'),('MX','zh','墨西哥'),('MY','zh','马来西亚'),('MZ','zh','莫桑比克'),('NA','zh','纳米比亚'),('NC','zh','新喀里多尼亚'),('NE','zh','尼日尔'),('NF','zh','诺福克岛'),('NG','zh','尼日利亚'),('NI','zh','尼加拉瓜'),('NL','zh','荷兰'),('NO','zh','挪威'),('NP','zh','尼泊尔'),('NR','zh','瑙鲁'),('NU','zh','纽埃'),('NZ','zh','新西兰'),('OM','zh','阿曼'),('PA','zh','巴拿马'),('PE','zh','秘鲁'),('PF','zh','法属波利尼西亚'),('PG','zh','巴布亚新几内亚'),('PH','zh','菲律宾'),('PK','zh','巴基斯坦'),('PL','zh','波兰'),('PM','zh','圣皮埃尔和密克隆群岛'),('PN','zh','皮特凯恩群岛'),('PR','zh','波多黎各'),('PS','zh','巴勒斯坦领土'),('PT','zh','葡萄牙'),('PW','zh','帕劳'),('PY','zh','巴拉圭'),('QA','zh','卡塔尔'),('RE','zh','留尼汪'),('RO','zh','罗马尼亚'),('RS','zh','塞尔维亚'),('RU','zh','俄罗斯'),('RW','zh','卢旺达'),('SA','zh','沙特阿拉伯'),('SB','zh','所罗门群岛'),('SC','zh','塞舌尔'),('SD','zh','苏丹'),('SE','zh','瑞典'),('SG','zh','新加坡'),('SH','zh','圣赫勒拿'),('SI','zh','斯洛文尼亚'),('SJ','zh','斯瓦尔巴和扬马延'),('SK','zh','斯洛伐克'),('SL','zh','塞拉利昂'),('SM','zh','圣马力诺'),('SN','zh','塞内加尔'),('SO','zh','索马里'),('SR','zh','苏里南'),('SS','zh','南苏丹'),('ST','zh','圣多美和普林西比'),('SV','zh','萨尔瓦多'),('SX','zh','荷属圣马丁'),('SY','zh','叙利亚'),('SZ','zh','斯威士兰'),('TC','zh','特克斯和凯科斯群岛'),('TD','zh','乍得'),('TF','zh','法属南部领地'),('TG','zh','多哥'),('TH','zh','泰国'),('TJ','zh','塔吉克斯坦'),('TK','zh','托克劳'),('TL','zh','东帝汶'),('TM','zh','土库曼斯坦'),('TN','zh','突尼斯'),('TO','zh','汤加'),('TR','zh','土耳其'),('TT','zh','特立尼达和多巴哥'),('TV','zh','图瓦卢'),('TW','zh','中国台湾'),('TZ','zh','坦桑尼亚'),('UA','zh','乌克兰'),('UG','zh','乌干达'),('UM','zh','美国本土外小岛屿'),('US','zh','美国'),('UY','zh','乌拉圭'),('UZ','zh','乌兹别克斯坦'),('VA','zh','梵蒂冈'),('VC','zh','圣文森特和格林纳丁斯'),('VE','zh','委内瑞拉'),('VG','zh','英属维尔京群岛'),('VI','zh','美属维尔京群岛'),('VN','zh','越南'),('VU','zh','瓦努阿图'),('WF','zh','瓦利斯和富图纳'),('WS','zh','萨摩亚'),('XK','zh','科索沃'),('YE','zh','也门'),('YT','zh','马约特'),('ZA','zh','南非'),('ZM','zh','赞比亚'),('ZW','zh','津巴布韦');


CREATE TABLE `spots` (
  `spot_id` int NOT NULL AUTO_INCREMENT,
  `city_id` int NOT NULL,
  `spot_name` varchar(80) NOT NULL,
  `spot_desc` text,
  PRIMARY KEY (`spot_id`),
  UNIQUE KEY `city_id` (`city_id`,`spot_name`),
  CONSTRAINT `spots_ibfk_1` FOREIGN KEY (`city_id`) REFERENCES `cities` (`city_id`)
) ENGINE=InnoDB DEFAULT CHARSET=utf8mb4 COLLATE=utf8mb4_0900_ai_ci;
CREATE TABLE `users` (
  `user_id` int NOT NULL AUTO_INCREMENT,
  `nickname` varchar(20) NOT NULL,
  `first_name` varchar(50) DEFAULT NULL,
  `last_name` varchar(50) DEFAULT NULL,
  `email` varchar(100) NOT NULL,
  `password_hash` varchar(255) NOT NULL,
  `avatar` varchar(120) DEFAULT NULL,
  `birthdate` date DEFAULT NULL,
  `pref_country` char(2) DEFAULT NULL,
  `created_at` datetime NOT NULL DEFAULT CURRENT_TIMESTAMP,
  `last_login` datetime DEFAULT NULL,
  `origin_country` char(2) DEFAULT NULL,
  PRIMARY KEY (`user_id`),
  UNIQUE KEY `email` (`email`),
  KEY `pref_country` (`pref_country`),
  KEY `fk_users_origin_country` (`origin_country`),
  CONSTRAINT `fk_users_origin_country` FOREIGN KEY (`origin_country`) REFERENCES `countries` (`country_code`),
  CONSTRAINT `users_ibfk_1` FOREIGN KEY (`pref_country`) REFERENCES `countries` (`country_code`)
) ENGINE=InnoDB DEFAULT CHARSET=utf8mb4 COLLATE=utf8mb4_0900_ai_ci;

DROP TABLE IF EXISTS `user_sessions`;
CREATE TABLE `user_sessions` (
  `session_id` bigint unsigned NOT NULL AUTO_INCREMENT,
  `user_id` int NOT NULL,
  `session_token_hash` char(64) NOT NULL,
  `expires_at` datetime NOT NULL,
  `remembered` tinyint(1) NOT NULL DEFAULT '0',
  `created_at` datetime NOT NULL DEFAULT CURRENT_TIMESTAMP,
  `last_seen_at` datetime DEFAULT NULL,
  `revoked_at` datetime DEFAULT NULL,
  PRIMARY KEY (`session_id`),
  UNIQUE KEY `session_token_hash` (`session_token_hash`),
  KEY `idx_user_sessions_user_id` (`user_id`),
  KEY `idx_user_sessions_expires_at` (`expires_at`),
  CONSTRAINT `fk_user_sessions_user` FOREIGN KEY (`user_id`) REFERENCES `users` (`user_id`) ON DELETE CASCADE
) ENGINE=InnoDB DEFAULT CHARSET=utf8mb4 COLLATE=utf8mb4_0900_ai_ci;

DROP TABLE IF EXISTS `email_verification_codes`;
CREATE TABLE `email_verification_codes` (
  `verification_id` bigint unsigned NOT NULL AUTO_INCREMENT,
  `email` varchar(100) NOT NULL,
  `code_hash` char(64) NOT NULL,
  `status` enum('active','invalid','used','expired') NOT NULL DEFAULT 'active',
  `attempts` tinyint unsigned NOT NULL DEFAULT '0',
  `expires_at` datetime NOT NULL,
  `created_at` datetime NOT NULL DEFAULT CURRENT_TIMESTAMP,
  `invalidated_at` datetime DEFAULT NULL,
  `used_at` datetime DEFAULT NULL,
  PRIMARY KEY (`verification_id`),
  KEY `idx_email_verification_email_status` (`email`,`status`),
  KEY `idx_email_verification_expires_at` (`expires_at`)
) ENGINE=InnoDB DEFAULT CHARSET=utf8mb4 COLLATE=utf8mb4_0900_ai_ci;
